"Review","Brand","Variety","Style","Country","Stars","Top.Ten"
2578,"Nissin","Cup Noodles Chicken Vegetable","Cup","United States of America",2.25,""
2575,"Samyang Foods","Kimchi song Song Ramen","Pack","South Korea",4.75,""
2568,"Nongshim","Mr. Bibim Stir-Fried Kimchi Flavor","Pack","South Korea",4.25,""
2567,"Nissin","Deka Buto Kimchi Pork Flavor","Bowl","Japan",4.5,""
2566,"Nissin","Demae Ramen Bar Noodle Aka Tonkotsu Flavour Instant Noodle","Pack","Hong Kong",5,""
2561,"Paldo","Premium Gomtang","Pack","South Korea",4,""
2560,"Nissin","Cup Noodles Laksa Flavour","Cup","Hong Kong",4.25,""
2555,"Samyang Foods","Song Song Kimchi Big Bowl","Bowl","South Korea",4.25,""
2553,"Nissin","Hakata Ramen Noodle White Tonkotsu","Bowl","Japan",4.75,""
2550,"Samyang Foods","Paegaejang Ramen","Pack","South Korea",5,""
2549,"Nissin","Gekikara Ramen Extra Hot Ramen Goreng","Pack","Indonesia",4.5,""
2541,"Nissin","Cup Noodles Very Veggie Spicy Chicken Flavor Ramen Noodle Soup","Cup","United States of America",5,""
2539,"Nissin","Demae Iccho Tonkotsu Flavour Instant Noodle","Cup","Hong Kong",3.75,""
2538,"Nissin","Cup Noodles Very Veggie Beef Flavor Ramen Noodle Soup","Cup","United States of America",5,""
2537,"Nissin","Cup NoodlesTom Yam Seafood (More Shrimptacular)","Cup","Singapore",5,""
2535,"Nissin","Cup Noodles Very Veggie Chicken Flavor Ramen Noodle Soup","Cup","United States of America",5,""
2533,"Nongshim","Shin Ramyun Black","Pack","South Korea",5,""
2532,"Nissin","Nippon Onomichi Ramen","Bowl","Japan",4.75,""
2530,"Ottogi","Ppushu Ppushu Noodle Snack Honey Butter ","Pack","South Korea",2,""
2529,"Maruchan","Gotsumori Chanpon Ramen","Bowl","Japan",4.5,""
2526,"Samyang Foods","Jjamppong Big Bowl","Bowl","South Korea",4.5,""
2524,"Nissin","Straits Reborn Laksa","Pack","Singapore",5,""
2523,"Nongshim","Budae Jjigae Noodle Soup","Pack","South Korea",4.5,""
2521,"Nissin","Cup Noodles Potato Chips Black Pepper Crab Flavour","Pack","Singapore",4.5,""
2520,"Nissin","Cup Noodles Blacl Pepper Crab Flavour (More Angry Crab)","Cup","Singapore",5,""
2511,"Samyang Foods","Samyang Ramen Classic Edition","Bowl","South Korea",5,""
2508,"Samyang Foods","Mala Buldak Bokkeummyun","Pack","South Korea",3.75,""
2507,"Indomie","RMy Noodlez Rumput Laut","Pack","Indonesia",4,""
2504,"Nongshim","Shin Ramyun","Pack","South Korea",3,""
2502,"Indomie","Onion Chicken Flavor","Pack","Nigeria",1.5,""
2498,"Nissin","Demae Ramen Spicy Beef","Pack","Germany",3.75,""
2497,"Nissin","Cup Noodles Spicy","Cup","Germany",3.75,""
2496,"Nissin","Soba Thai","Pack","Germany",4.5,""
2495,"Nissin","Cup Noodles Huhn (Chicken)","Cup","Germany",3.75,""
2494,"Nissin","Demae Ramen Korean Kimchi","Pack","Germany",3.5,""
2493,"Nissin","Cup Noodles Curry","Cup","Germany",3.75,""
2492,"Nissin","Smack Chili","Pack","Hungary",3.75,""
2491,"Nissin","Soba Yakitori Chicken","Cup","Germany",5,""
2490,"Nissin","Demae Ramen Garlic Chicken","Pack","Germany",3.5,""
2489,"Nissin","Cup Noodles Ente (Duck)","Cup","Germany",3,""
2488,"Nissin","Demae Ramen Thai Tom Yum","Pack","Germany",3.75,""
2487,"Nissin","Soba Sukiyaki Beef","Cup","Germany",4.5,""
2486,"Nissin","Demae Ramen Spicy","Pack","Germany",3.5,""
2485,"Nissin","Cup Noodles Shrimps","Cup","Germany",3,""
2484,"Nissin","Demae Ramen Tokyo Soy Sauce","Pack","Germany",4,""
2483,"Paldo","Bul Jjamppong","Bowl","South Korea",5,""
2481,"Samyang Foods","Buldak Bokkeummyun","Cup","South Korea",3.75,""
2476,"Samyang Foods","Kimchi Stew Ramyun","Bowl","South Korea",4,""
2475,"Maruchan","Seimen Red Spicy Dandan Men","Bowl","Japan",4.75,""
2474,"Ottogi","Ppushu Ppushu Noodle Snack Chilli Cheese Flavor","Pack","South Korea",4.25,""
2471,"Nissin","Cup Noodles Mini Seafood Flavour","Cup","Hong Kong",5,""
2470,"Myojo","Udon Japanese Style Noodles With Soup Base Hot & Sour Flavor","Pack","United States of America",3.75,""
2467,"Paldo","Volcano Curry Kkokkomyun","Pack","South Korea",3.5,""
2465,"Nissin","Cup Noodles XO Sauce Seafood","Cup","China",3.75,""
2463,"Nissin","Gekikara Ramen Rasa Pedas","Pack","Indonesia",3.25,""
2459,"Nissin","Cup Noodles MUG Shoyu & Seafood","Pack","Japan",3.5,""
2442,"Nissin","Cup Noodles Sopa Nissin Hot Sauce Con Camaron","Cup","Mexico",3.5,""
2437,"Nissin","Raoh Nojyuku Toro Tonkotsu Ramen","Bowl","Japan",4.5,""
2433,"Nissin","Cup Noodles Indonesia Mie Goreng","Cup","Japan",3.75,""
2425,"Nissin","Seafood Flavour Rice Vermicelli","Cup","Hong Kong",5,""
2424,"Samyang Foods","Cheese Type Buldak Bokkeummyun (Black Pkg)","Pack","South Korea",3.75,""
2422,"Nissin","Cup Noodles Sopa Nissin Con Camaron Picante","Cup","Mexico",3.25,""
2420,"Nissin","Cup Noodles Spicy Seafood Flavor","Cup","China",3.75,""
2418,"Myojo","Yomise No Yakisoba Karashi Mentaiko Flavor","Tray","Japan",4.5,""
2415,"Nissin","Kitsune Udon Donbei (West)","Bowl","Japan",5,""
2413,"Nissin","Cup Noodles Beef Flavour","Cup","Hong Kong",2.5,""
2405,"Nissin","Cup Noodles Mini Spicy Seafood","Cup","Hong Kong",4,""
2400,"Nissin","Cup Noodles Tom Yam Seafood Flavour","Cup","Singapore",5,""
2399,"Indomie","My Noodles Mi Goreng Pizza Cheese","Pack","Indonesia",4,""
2397,"Samyang Foods","Cheese Buldak Bokkeummyun (Black)","Bowl","South Korea",4,""
2394,"Nissin","Cup Noodles Prawn Flavour","Cup","Hong Kong",3.75,""
2391,"Ottogi","Jin Jjambbong Spicy Seafood Ramyun","Pack","South Korea",5,""
2390,"Nissin","Rice Vermicelli Pickled Vegetable Pork Flavour","Cup","Hong Kong",3.75,""
2387,"Nissin","Demae Iccho Sesame Oil Flavour Instant Noodle","Bowl","Hong Kong",3.5,""
2383,"Nissin","Cup Noodles Beef Flavor Ramen Noodle Soup (New Recipe)","Cup","United States of America",3.5,""
2382,"Nongshim","Seaweed Instant Noodle","Cup","South Korea",0.5,""
2381,"Nissin","Demae Iccho Seafood Flavour Instant Noodle","Cup","Hong Kong",4.75,""
2379,"Nissin","Cup Noodles Hot & Spicy Shrimp Flavor Ramen Noodle Soup (New Recipe)","Cup","United States of America",2.5,""
2376,"Nissin","Disney Cuties Instant Chicken With Corn Flavour","Cup","Thailand",3.25,""
2373,"Nissin","Top Ramen Atta Nooldes Masala","Pack","India",4.5,""
2370,"Samyang Foods","Zzaldduck Buldak Bokkeummyun Snack","Pack","South Korea",4.5,""
2369,"Samyang Foods","Curry Buldak Bokkeummyun","Pack","South Korea",4.25,""
2368,"Samyang Foods","Cool/Ice Buldak Bokkeummyun","Pack","South Korea",3.75,""
2367,"Samyang Foods","2x Spicy Haek Buldak Bokkeummyun","Pack","South Korea",4,""
2366,"Samyang Foods","Buldak Bokkeummyun Snack","Pack","South Korea",5,""
2365,"Samyang Foods","Stew Buldak Bokkeumtangmyun","Pack","South Korea",5,""
2364,"Samyang Foods","Cheese Buldak Bokkeummyun","Pack","South Korea",4,""
2363,"Samyang Foods","Buldak Bokkeummyun (New Packaging)","Pack","South Korea",4,""
2361,"Nissin","Demae Iccho Chicken Flavour Instant Noodle (Bowl Noodle)","Bowl","Hong Kong",5,""
2356,"Nongshim","Spicy Shrimp Cup Noodle","Cup","South Korea",4,""
2354,"Vifon","Viet Cuisine Bun Rieu Cua Sour Crab Soup Instant Rice Vermicelli","Bowl","Vietnam",5,""
2353,"Nissin","Cup Noodles Rich Garlic, Egg Yolk & Oxtail","Cup","Japan",4,""
2350,"Nissin","Cup Noodles BIG XO Sauce Seafood Flavour","Cup","Hong Kong",4,""
2347,"Nissin","Demae Iccho Tonkotsu Flavour Instant Noodle (Bowl Noodle)","Bowl","Hong Kong",3,""
2344,"Nissin","Cup Noodles Sopa Nissin Sabor A Pollo","Cup","Mexico",4,""
2343,"Nissin","Maxi Sopa Nissin Cuchareable Sabor A Jugo De Carne","Cup","Mexico",4,""
2342,"Nissin","Sopa Nissin Sabor A Camaron Sopa Instantanea Tipo Ramen","Pack","Mexico",4,""
2341,"Nissin","Cup Noodles Sopa Nissin Sabor A Carne De Res","Cup","Mexico",4,""
2340,"Nissin","RapiFideo Sabor A Tomate Y Pollo","Cup","Mexico",4,""
2339,"Nissin","Cup Noodles Sopa Nissin Sabor Camaron, Habanero Y Limon","Cup","Mexico",3,""
2338,"Nissin","Sopa Nissin Sabor A Pollo Sopa Instantanea Tipo Ramen","Pack","Mexico",4,""
2337,"Nissin","Cup Noodles Sopa Nissin Con Camaron","Cup","Mexico",3,""
2336,"Nissin","Maxi Sopa Nissin Cuchareable Sabor A Camaron Picante","Cup","Mexico",3,""
2335,"Nissin","Cup Noodles Gourmet Sabor A Caldo De Camaron","Cup","Mexico",5,""
2334,"Nissin","Sopa Nissin Sabor Mariscos, Habanero Y Limon","Cup","Mexico",4,""
2333,"Nissin","Maxi Sopa Nissin Cuchareable Sabor A Pollo","Cup","Mexico",4,""
2332,"Nissin","Sopa Nissin Sabor A Res Instantanea Tipo Ramen","Pack","Mexico",4,""
2331,"Nissin","Cup Noodles Sopa Nissin Hot Sauce Sabor A Pollo","Cup","Mexico",4,""
2327,"Nissin","Cup Noodles Spicy Lime Flavor Ramen Noodle Soup (New Recipe)","Cup","United States of America",4,""
2326,"Nissin","Demae Iccho Tokyo Shoru Tonkotsu Instant Noodle","Cup","Hong Kong",4,""
2324,"Paldo","Bul Jjajangmyeon","Pack","South Korea",5,""
2320,"Nissin","Nupasta Bolognese Flavour Instant Noodle","Cup","Japan",4,""
2319,"Nongshim","Saeutang Sabalmyeon","Bowl","South Korea",3.5,""
2316,"Nissin","Cup Noodle Spicy Curry Chicken","Cup","Japan",5,""
2314,"Nissin","Cup Noodles Spicy Beef Flavour","Cup","Hong Kong",4,""
2309,"Nissin","Cup Noodles Big Seafood Flavour","Cup","Hong Kong",4,""
2307,"Ottogi","Ramyun Sabor Pollo","Pack","Mexico",4,""
2306,"Nissin","Demae Iccho Black Garlic Oil Tonkotsu Flavour Instant Noodles","Cup","Hong Kong",4,""
2303,"Maruchan","Sopa Maruchan Sobar A Camaron","Pack","Mexico",3,""
2302,"Nissin","Yakisoba","Tray","Japan",5,""
2300,"Nissin","Demae Ramen Spicy Xo Sauce Seafood Flavour Instant Noodle","Pack","Hong Kong",4,""
2298,"Nissin","Cup Noodles Spicy Chile Chicken (New Recipe)","Cup","United States of America",4,""
2295,"Nissin","Cup Noodles Seafood","Cup","China",4,""
2293,"Nissin","Nupasta Bacon In Carbonara Sauce Flavour Instant Noodle","Pack","Hong Kong",5,""
2291,"Samyang Foods","Buldak Bokkummyun Cheese Flavor","Pack","South Korea",4,""
2290,"Nissin","Demae Ramen Straight Noodle Black Garlic Oil Tonkotsu Flavour Instant Noodle","Pack","Hong Kong",5,""
2289,"Myojo","Shin Toyama Black Ramen","Bowl","Japan",4,""
2288,"Nissin","Cup Noodles Tom Yum Goong Flavour","Cup","Hong Kong",4,""
2284,"Nissin","Korean Kimchi Flavour Vermicelli","Cup","Hong Kong",4,""
2283,"Nissin","Raoh Pork Bone Soy Soup Noodle","Pack","Japan",5,""
2282,"Samyang Foods","Gold Jjamppong Fried Noodle","Pack","South Korea",5,""
2281,"Nissin","Demae Iccho Red Hot Seafood Flavour Instant Noodle","Cup","Hong Kong",4,""
2279,"Nissin","Demae Iccho Spicy Tonkotsu Flavour Instant Noodle (Bowl Noodle)","Bowl","Hong Kong",5,""
2278,"Nissin","Raoh Tantanmen","Pack","Japan",5,""
2276,"Nissin","Cup Noodles With Shrimp Ramen Noodle Soup (New Recipe)","Cup","United States of America",3,""
2272,"Nissin","Demae Iccho Spicy Kimchi Pot Flavour Instant Noodle (Bowl Noodle)","Bowl","Hong Kong",4,""
2270,"Samyang Foods","Fresh Bibimmyun Fried Noodle","Pack","South Korea",4,""
2268,"Nissin","Nupasta Neapolitan Flavour Instant Noodle","Pack","Hong Kong",5,""
2266,"Nissin","Disney Cuties Instant Noodle Crab Flavour","Cup","Thailand",4,""
2265,"Nissin","Cup Noodles Rich Soft Shelled Turle Soup","Cup","Japan",3,""
2254,"Nissin","Disney Cuties Instant Noodle Seaweed Flavour","Cup","Thailand",3,""
2251,"Ottogi","Ramyon Sabor Y Camaron","Pack","Mexico",4,""
2250,"Nissin","Demae Iccho Spicy XO Sauce Seafood Flavour","Pack","Hong Kong",4,""
2248,"Nongshim","Shin Noodle Soup","Cup","United States of America",5,""
2247,"Nissin","Sapporo Noukou Miso Ramen","Bowl","Japan",5,""
2245,"Nissin","Vietnamese Chicken Coriander Flavour Vermicelli","Cup","Hong Kong",4,""
2243,"Nissin","Cup Noodles Black Pepper Crab Flavour","Cup","Hong Kong",4,""
2239,"Nissin","Cup Noodles Chicken Flavor Ramen Noodle Soup (New Recipe)","Cup","United States of America",4,""
2237,"Nissin","Cup Noodle Light+ Bagna Cauda","Cup","Japan",5,""
2236,"Maruchan","Gotsumori Koku Tonkotsu Ramen","Bowl","Japan",4,""
2234,"Paldo","Bibim Men","Bowl","South Korea",5,""
2233,"Nissin","Cup Noodles Milk Seafood Flavour","Cup","Hong Kong",4,""
2232,"Nissin","Spicy Chikin Donburi","Bowl","Japan",5,""
2228,"Nissin","Raoh Shoyu Ramen","Bowl","Japan",5,""
2227,"Maruchan","Ramen Noodle Soup Sriracha Chicken Flavor","Pack","United States of America",4,""
2221,"Nissin","Cup Noodle Seafood","Cup","Japan",5,""
2220,"Paldo","Budae Jjigae","Pack","South Korea",5,""
2217,"Nissin","Demae Ramen Spicy Seafood Flavour Instant Noodle","Pack","Hong Kong",5,""
2215,"Myojo","Mee Goreng Spicy Flavour","Pack","Singapore",5,""
2212,"Paldo","Bul Jjamppong","Pack","South Korea",4,""
2211,"Nissin","Disney Cuties Instant Noodle Roast Pork Flavour","Cup","Thailand",3,""
2209,"Nissin","Demae Ramen Spicy Hot tonkotsu Flavour Instant Noodle","Pack","Hong Kong",5,""
2207,"Nissin","Big Cup Noodles Tonkotsu Flavour","Cup","Hong Kong",3,""
2206,"Nissin","Deka Buto Kuro M-yu Tonkotsu","Bowl","Japan",5,""
2205,"Maruchan","Bowl Taste Of Asia Hearty Pork Flavor Tonkotsu Ramen","Bowl","United States of America",4,""
2204,"Nissin","Cup Noodles Sabor Galinha Caipira","Cup","Brazil",4,""
2203,"Nongshim","Bowl Noodle Soup Independence Day Limited Edition Spicy Chicken Flavor","Bowl","United States of America",4,""
2202,"Nissin","Nupasta Vongole Flavour Instant Noodle","Cup","Hong Kong",4,""
2195,"Nissin","Gyorai Inaniwa Chuka Soba","Bowl","Japan",5,""
2190,"Myojo","Barikata Noukou Tonkotsu Shoyu","Bowl","Japan",4.75,""
2189,"Nissin","Demae Ramen Sesame Oil Flavour Cup","Cup","Hong Kong",4,""
2185,"Nissin","Raoh Hot & Sour Ramen","Pack","Japan",5,""
2170,"Maruchan","Ramen Noodle soup Mushroom Flavor","Pack","United States of America",4,""
2163,"Nissin","Piritto Karakuchi Tantan Udon","Bowl","Japan",4,""
2161,"Nongshim","Chal Bibim Myun","Pack","South Korea",5,""
2147,"Maruchan","Instant Lunch Pork Flavor Ramen Noodles With Vegetables","Cup","United States of America",3,""
2144,"Nissin","Lamen Sabor Picanha","Pack","Brazil",4,""
2142,"Maruchan","Bowl Taste Of Asia Miso Chicken Flavor Spicy Miso Ramen","Bowl","United States of America",4,""
2141,"Nissin","Men Shokunin Kaoruyasai Shio","Bowl","Japan",5,""
2137,"Nissin","Demae Ramen Spicy Curry Flavour Instant Noodles","Pack","Hong Kong",4,""
2136,"Nissin","Demae Ramen Roast Beef Flavour Instant Noodles","Pack","Hong Kong",4,""
2133,"Nissin","Kimchi Chikin Ramen Donburi","Bowl","Japan",5,""
2132,"Maruchan","Instant Lunch Chipotle Chicken Flavor Ramen Noodle Soup","Cup","United States of America",5,""
2131,"Myojo","Mee Goreng Thai Tom Yum Flavour","Pack","Singapore",4,""
2126,"Nissin","Mennippon Oumi Chanpon","Bowl","Japan",5,""
2123,"Nissin","Cup Noodles Tom Yum Shrimp Sabb Flavour","Cup","Thailand",5,""
2122,"Nissin","Chilli Noodles Stir Fried Holy Basil Flavour","Pack","Thailand",5,""
2121,"Nissin","Instant Noodles Moo Manao Flavour","Pack","Thailand",4,""
2120,"Nissin","Super Tom Yum Shrimp","Cup","Thailand",3.5,""
2119,"Nissin","Cup Noodles Minced Pork Flavour","Cup","Thailand",3.5,""
2118,"Nissin","Chilli Noodles Tom Yum Shrimp Creamy Soup Flavour","Cup","Thailand",3.25,""
2116,"Nissin","Instant Noodles Tom Yum Shrimp Saab Flavour","Pack","Thailand",4,""
2115,"Nissin","Cup Noodles Moo Manao Flavour","Cup","Thailand",4,""
2114,"Nissin","Instant Noodles Minced Pork Flavour","Pack","Thailand",3.5,""
2113,"Nissin","Cup Noodles Seafood Creamy Flavour","Cup","Thailand",4,""
2112,"Nissin","Chilli Noodles Spicy Tom Yum Flavour","Pack","Thailand",4,""
2111,"Nissin","Cup Noodles Chilli Crab Flavour","Cup","Hong Kong",3.75,""
2107,"Nissin","Lamen Sabor Frango Assado Com Toque De Limao","Pack","Brazil",4.5,""
2105,"Maruchan","Ramen Noodle Soup Chicken Tortilla Flavor","Pack","United States of America",3,""
2102,"Nissin","Cup Noodles Singapore Laksa","Cup","Japan",5,""
2101,"Samyang Foods","Pojangmacha Udon","Pack","South Korea",4,""
2100,"Myojo","Mee Goreng Original Flavour","Pack","Singapore",4,""
2098,"Nongshim","Kimchi Flavor Noodle Soup","Cup","United States of America",5,""
2096,"Maruchan","Seimen Noukou Toro Tonkotsu","Bowl","Japan",4,""
2095,"Nissin","Straits Kitchen Laksa","Pack","Singapore",5,""
2094,"Nongshim","Champong Noodle Soup Spicy Seafood Flavor","Pack","South Korea",5,""
2090,"Nissin","Nupasta Salmon In White Sauce Flavour Instant Noodle","Pack","Hong Kong",5,""
2089,"Nissin","Big Cup Noodles Seafood Curry Flavour","Cup","Hong Kong",5,""
2088,"Nissin","Demae Iccho Beef Flavour Instant Noodle","Bowl","Hong Kong",4,""
2087,"Nissin","Mie Goreng Indonesia Stir Noodle Original Flavour","Pack","Hong Kong",4,""
2086,"Nissin","Demae Ramen Sesame Flavour Instant Noodles","Pack","Hong Kong",5,""
2084,"Nissin","Demae Ramen Straight Noodle Kyushu Tonkotsu Instant Noodle","Pack","Hong Kong",5,""
2083,"Nissin","Taisho Fried Noodle Sesame Paste Flavour Instant Noodle","Pack","Hong Kong",5,""
2082,"Nissin","Cup Noodles Pork Chowder Flavour","Cup","Hong Kong",4,""
2081,"Nissin","Cup Mifun Spicy Beef Flavour","Cup","Hong Kong",4,""
2079,"Nissin","Nupasta Carbonara Flavour Instant Noodle","Cup","Hong Kong",5,""
2078,"Nissin","Demae Iccho Curry Beef Flavour","Cup","Hong Kong",4,""
2077,"Nissin","Cup Noodles Big Spicy Seafood Flavour","Cup","Hong Kong",5,""
2076,"Nissin","Demae Iccho Black Garlic Oil Tonkotsu","Bowl","Hong Kong",3.75,""
2074,"Nissin","Cup Noodles Sabor Pollo Habanero Y Limon Sopa Instantanea","Cup","Mexico",3.5,""
2072,"Maruchan","Bowl Taste Of Asia Beef Flavor Sukiyaki Ramen","Bowl","United States of America",5,""
2067,"Samyang Foods","Fresh Jjajang","Pack","South Korea",4.5,""
2064,"Nongshim","Arrabiata Rice Bucatini","Pack","United States of America",5,""
2062,"Ottogi","Ramyon Sabor Mariscos","Pack","Mexico",3.75,""
2060,"Nissin","Cup Noodle Light+ Cheese Fondue","Cup","Japan",5,""
2057,"Nissin","RapiFideo Sabor A Chile Y Limon","Cup","Mexico",3.75,""
2055,"Nissin","Tokyo Tokunou Gyokai Tonkotsu","Bowl","Japan",5,""
2053,"Maruchan","Instant Lunch Sriracha Chicken Flavor Ramen Noodle Soup","Cup","United States of America",3.75,""
2052,"Indomie","Pop Mie Mi Instan Cup Rasa Ayam","Cup","Indonesia",3.5,""
2049,"Ottogi","Ramyon Sabor A Res","Pack","Mexico",4,""
2040,"Nissin","Cup Noodles Sabor Franhp Com Requeijao","Cup","Brazil",5,""
2030,"Myojo","Charumera Atyificial Tonkotsu Shouyu Flavor","Pack","Japan",3.75,""
2028,"Maruchan","Sopa Maruchan Sabor a Camaron, Limon y Habanero","Pack","Mexico",3.5,""
2027,"Nissin","Shinshu Miso Ramen","Bowl","Japan",5,""
2017,"Samyang Foods","Honey & Cheese Big Bowl","Bowl","South Korea",0,""
2007,"Nongshim","Rice Fettucini Alfredo","Pack","United States of America",3.75,""
2004,"Nissin","Donbei Dashi Shoyu Yakiudon","Bowl","Japan",3.75,""
2003,"Nissin","Raoh Rich Miso Flavor","Bowl","Japan",5,""
2002,"Nissin","Cup Noodles Tom Yum Goong","Cup","Japan",3.8,""
2001,"Nissin","Cup Noodle Big Seafood Clam Chowder","Cup","Japan",4,""
2000,"Nissin","Chikin Ramen Donburi","Bowl","Japan",5,""
1999,"Nissin","Curry Udon","Cup","Japan",5,""
1998,"Nissin","Men Shokunin Shoyu","Bowl","Japan",5,""
1997,"Nissin","Cup Noodle Vegeta Buta-kyabetsu Tonkotsu","Cup","Japan",4.3,""
1996,"Nissin","Cup Noodle Pasta Style Tarako Spaghetti","Cup","Japan",4,""
1995,"Nissin","Cup Noodle Big Cheese Mexican Chilli","Cup","Japan",5,""
1994,"Nissin","Gyoretsu-no-Dekiru-Mise-no-Ramen (Shrimp Tantanmen)","Bowl","Japan",5,""
1993,"Nissin","Raoh Tonkotsu","Pack","Japan",5,""
1992,"Nissin","Cup Noodle Light Plus Ratatouille","Cup","Japan",4.5,""
1991,"Nissin","Cup Noodle Milk Chikin Ramen","Cup","Japan",5,""
1990,"Nissin","Cup Noodle","Cup","Japan",5,""
1987,"Nissin","Yokohama Walker Iekei Ramen","Bowl","Japan",4.5,""
1984,"Nissin","Chinese Tan Tan Vermicelli","Cup","Hong Kong",5,""
1979,"Nissin","BIG Cup Noodle Ajillo","Cup","Japan",3,""
1975,"Nissin","Soba Fried Noodles Classic","Pack","Germany",3.25,""
1974,"Samyang Foods","Cheese Curry Ramyun","Pack","South Korea",5,""
1973,"Nissin","Cup Noodles Sabor Calabresa","Pack","Brazil",4.25,""
1969,"Nongshim","Noodle Soup Seasoned With Real Kimchi","Pack","United States of America",4.75,""
1968,"Nissin","Top Ramen Chicken Flavor Ramen Noodle Soup (New Packaging)","Pack","United States of America",3.5,""
1959,"Myojo","Charumera Shoyu Ramen","Pack","Japan",4,""
1956,"Maruchan","Spicy Tomato Salsa Ramen","Cup","Japan",0,""
1955,"Nissin","Raoh Ramen Noodle Soup Umami Soy Sauce Flavor","Pack","United States of America",4.75,""
1951,"Nissin","Cup Noodles Ramen Noodle Soup Hearty Chicken Flavor [New Package]","Cup","United States of America",4.25,""
1946,"Nissin","Raoh Shio Ramen","Pack","Japan",4.75,""
1940,"Nissin","Cup Noodle Pasta Style Bolognese","Cup","Japan",5,""
1938,"Nissin","Donbei Kamodashi Soba","Bowl","Japan",5,""
1926,"Nissin","Bowl Noodles Hot & Spicy Chicken Flavor Less Sodium Ramen Noodle Soup","Bowl","United States of America",4,""
1921,"Nissin","Cup Noodles Ramen Noodle Soup Chicken Flavor [New Package]","Cup","United States of America",3.5,""
1919,"Maruchan","Shiroi Chikara Mochi Udon","Bowl","Japan",4.5,""
1916,"Nissin","Soba Fried Noodles Teriyaki","Pack","Germany",3,""
1911,"Nissin","Emergency Chikin Ramen Cup Noodle","Cup","Japan",5,""
1910,"Nissin","Chow Mein Pad Thai","Tray","United States of America",3,""
1908,"Nissin","Kuroma-yu Tonkotsu Kumamoto Ramen","Bowl","Japan",4.75,""
1906,"Vifon","Chicken Flavour Asian Style Instant Noodles","Pack","Vietnam",3.5,""
1897,"Nissin","Cup Noodle Massaman Curry","Cup","Japan",3.5,""
1895,"Maruchan","Seimen Houjyun Koku Shoyu","Bowl","Japan",5,""
1893,"Nissin","Cup Noodle Sio","Cup","Japan",5,""
1892,"Ottogi","Cheese Ramen","Pack","South Korea",4,""
1891,"Nissin","Cup Noodles Homestyle Chicken","Cup","United States of America",3.5,""
1888,"Nissin","Cup Noodles Kyushu White Flavour","Cup","Singapore",3.5,""
1887,"Myojo","Mee Poh Dry","Pack","Singapore",4.25,""
1886,"Myojo","Chicken Abalone Flavour","Bowl","Singapore",3.75,""
1885,"Myojo","Ramen Char Mee 100","Pack","Singapore",3,""
1884,"Myojo","La Ramen Spicy Mushroom Flavour Big Bowl","Bowl","Singapore",4.5,""
1883,"Myojo","Mee Goreng","Pack","Singapore",4,""
1882,"Myojo","La Ramen Spicy Lobster Hot Pot Flavour Big Bowl","Bowl","Singapore",4.75,""
1881,"Myojo","Chicken Abalone Flavour","Pack","Singapore",3.5,""
1880,"Myojo","Thai Tom Yam Flavour","Bowl","Singapore",3.75,""
1879,"Myojo","Chicken Tanmen Flavour","Pack","Singapore",3.5,""
1878,"Myojo","Extra Spicy Singapore Curry Big Bowl","Bowl","Singapore",5,""
1877,"Myojo","La Ramen Spicy Mushroom Flavour","Pack","Singapore",4.5,""
1876,"Myojo","Chicken Flavour","Pack","Singapore",3.75,""
1871,"Nissin","Cup Noodles Minced Pork Flavour","Cup","Thailand",3.75,""
1869,"Nissin","Soba Fried Noodles Chili","Pack","Germany",3.5,""
1865,"Mama","Shrimp Tom Yum Flavour Cup Noodles","Cup","Myanmar",3.5,""
1864,"Nissin","Raoh Ramen Noodle Soup Umami Tonkotsu Flavor","Pack","United States of America",5,""
1860,"Nissin","Cupo Noodle Pasta Style Vongole","Cup","Japan",2.75,""
1859,"Mama","Instant Noodles chicken Green Curry Flavour","Pack","Cambodia",5,""
1858,"Myojo","Wantan Men","Bowl","Japan",5,""
1856,"Indomie","Instant Cup Noodles Mi Goreng Fried Noodles","Cup","Indonesia",5,""
1854,"Mama","Chinese Kitchen Chinese Style Instant Noodles","Pack","Myanmar",3.5,""
1852,"Myojo","Udon Japanese Style Precooked Noodles With Soup Hot & Spicy Flavor","Bowl","United States of America",3.25,""
1850,"Nissin","Raoh Ramen Noodle Soup Umami Miso Flavor","Pack","United States of America",4.5,""
1846,"Nissin","Chow Mein Savory Sauce And Restayrant Quality Noodles Roast Chicken Flavor ","Tray","United States of America",4.5,""
1845,"Mama","Oriental Style Instant Noodles Shrimp Flavour","Pack","Bangladesh",3.25,""
1827,"Nongshim","Zha Wang ((Jjawang) Noodles With Chajang Sauce","Pack","South Korea",5,""
1826,"Mama","Instant Noodles Stewed Beef Flavour","Pack","Cambodia",3.5,""
1824,"Nongshim","Soon Veggie Noodle Soup","Cup","United States of America",5,""
1821,"Myojo","Udon Japanese Style Pre-Cooked Noodles With Soup Beef Flavor","Bowl","United States of America",3.25,""
1816,"Vifon","Asian Style Instant Noodles Artificial Beef Flavor","Bowl","Vietnam",3.25,""
1813,"Nissin","Soba Fried Noodles Curry","Pack","Germany",4.25,""
1808,"Mama","Vegetarian Instant Cup Noodle Tofu & Shiitake Flavour","Cup","Thailand",3.5,""
1805,"Mama","Oriental Style Instant Noodles Tandoori Flavour","Pack","Bangladesh",4,""
1803,"Mama","Vegetarian Instant Noodles Tom Yum Flavour","Pack","Thailand",4,""
1802,"Nissin","Cup Noodles Ramen Noodles Ramen Noodle Soup Beef Flavor (New Package) ","Cup","United States of America",3.5,""
1786,"Nissin","Chow Mein Premium Savory Sauce And Restaurant Quality Noodles Sriracha Flavor","Tray","United States of America",4.25,""
1767,"Mama","Instant Noodles Shrimp Tom Yum Flavour","Pack","Cambodia",4,""
1766,"Paldo","Bulnak Boeummyun King Noodle","Bowl","South Korea",3.5,""
1765,"Nissin","Cup Noodles Ramen Noodles With Shrimp (New Package) ","Cup","United States of America",3.5,""
1759,"Nissin","Cup Noodles Moo Manao Flavour","Cup","Thailand",4,""
1755,"Mama","Oriental Style Instant Noodles Hot & Spicy Flavour","Pack","Bangladesh",4,""
1754,"Paldo","King Bowl Super Spicy Pan Stirfried Noodle","Bowl","South Korea",5,""
1743,"Mama","Rangers Snack Noodles Shrimp Tom Yum Flavour","Pack","Myanmar",4.5,""
1741,"Myojo","Udon Japanese Style Pre-Cooked Noodles With Soup Chicken Flavor","Bowl","United States of America",2.5,""
1739,"Nissin","Raoh Tanrei Koku Shio Ramen","Bowl","Japan",4.5,""
1731,"Mama","Instant Noodles Creamy Shrimp Tom Yum Flavour","Pack","Cambodia",5,""
1726,"Vina Acecook","Oh! Ricey Pho Ga","Bowl","Vietnam",3,""
1718,"Vina Acecook","Hao Hao Sate Onion Flavour","Cup","Vietnam",2.5,""
1716,"Mama","Instant Noodles Egg Protein Noodles","Pack","Myanmar",3.5,""
1702,"Samyang Foods","Seafood Noodle","Cup","Japan",2.75,""
1698,"Maruchan","Instant Lunch Chicken Tortilla Flavor Ramen Noodles With Vegetables","Cup","United States of America",4,""
1696,"Mama","Cup Yentafo Tom Yum Mohfai","Cup","Thailand",5,""
1695,"Mama","Cup Shrimp Creamy Tom Yum","Cup","Thailand",5,""
1694,"Mama","Instant Rice Vermicelli Bihun Goreng Original Flavour","Pack","Thailand",4.75,""
1693,"Mama","Instant Noodles coconut Milk Flavour","Cup","Myanmar",5,""
1692,"Mama","Oriental Style Instant Noodles Chicken Flavour","Pack","Bangladesh",3.25,""
1691,"Mama","Instant Cup Noodles Minced Prok Flavor","Cup","Thailand",3.5,""
1678,"Nongshim","Shin Black Spicy Po-Au-Feu Flavor (Mew Edition)","Pack","United States of America",5,""
1677,"Paldo","Raobokki Noodle (Export Version)","Pack","South Korea",5,""
1668,"Mama","Cup Rice Vermicelli With Clear Soup","Cup","Thailand",3.5,""
1666,"Vifon","Curry Instant Noodle With Chicken","Cup","Vietnam",3,""
1663,"Vina Acecook","King Chef Authentic Kimchi Flavour","Pack","Vietnam",4,""
1662,"Mama","Non-Fried Instant Noodles Ramen Tonkotsu Flavor","Pack","Thailand",5,""
1656,"Mama","JokCup Instant Porridge Soup Seafood Flavour","Cup","Thailand",3.5,""
1650,"Ottogi","Sesame Flavor Ramen Korean Style Instant Noodle","Pack","South Korea",4.25,""
1645,"Lucky Me!","Supreme Jjamppong Korean Style Spicy Seafood Soup","Bowl","Philippines",3.75,""
1634,"Samyang Foods","Shoyu Noodle","Cup","South Korea",3.5,""
1631,"Nissin","Donbei Tempura Soba Mini","Bowl","Japan",4,""
1630,"Nongshim","Korean Clay Pot Ramyun","Bowl","China",2.5,""
1626,"Nissin","Gonbuto Kistune Udon","Bowl","Japan",2.75,""
1625,"Mama","Instant Rice Noodle Soup Spicy Shrimp Flavour","Bowl","Thailand",5,""
1622,"Nongshim","Quick2 Hot & Spicy Noodle Soup With Habanero & Lime","Pack","United States of America",4,""
1621,"Myojo","MenWhite Creamy Tonkotsu","Bowl","Japan",3,""
1619,"Nissin","Chu Qian Yi Ding Tom Yum Instant Noodles With Soup Base","Pack","Singapore",3.75,""
1613,"Maruchan","Kaoru Maitake Tempura Udon","Bowl","Japan",3.25,""
1611,"Lucky Me!","Supreme Seafood Flavor Big Cup","Bowl","Philippines",4,""
1607,"Myojo","Nyumen Desse Shoyu","Bowl","Japan",2.75,""
1605,"Nissin","Demae Iccho Mushroom With Vegetables Flavour Macaroni","Pack","Hong Kong",3.5,""
1602,"Vina Acecook","Mikochi Tom Yum Flavor Instant Noodles","Pack","Vietnam",3.5,""
1601,"Nongshim","Jinjja Jinjja (New)","Pack","South Korea",5,""
1599,"Nissin","Top Ramen Super Noodles Tomato","Pack","India",3.5,""
1598,"Mama","Cup Rice Vermicelli Shrimp Creamy Tom Yum","Cup","Thailand",4,""
1597,"Nissin","Original Chow Mein Premium Spicy Chicken Flavor","Tray","United States of America",4,""
1593,"Nongshim","Tteokgukmyun","Pack","South Korea",4.25,""
1578,"Nissin","Gonbuto Tempura Udon","Bowl","Japan",4,""
1577,"Mama","Pork Flavour Whole Wheat Noodle","Pack","Thailand",3.75,""
1575,"Paldo","Jjajangmen Chajang Noodle King Bowl","Bowl","South Korea",5,""
1570,"Maruchan","Big Cup Ramen Corn, Salt & Butter Flavor","Bowl","Japan",5,""
1568,"Mama","Instant Noodles Cup Beef Flavour","Cup","Thailand",3.5,""
1567,"Nissin","Emergency Cup Noodle","Cup","Japan",4.25,""
1566,"Nissin","Cup Noodles Tomato Enjoy Noodles With Hot Soup","Cup","India",3.25,""
1563,"Nongshim","Shin Ramyun Noodle Soup (New Edition)","Pack","United States of America",4.25,""
1551,"Myojo","Men Black Seafood Tonkotsu","Bowl","Japan",3.5,""
1548,"Samyang Foods","Curry Noodle","Cup","Japan",3.75,""
1546,"Nissin","Demae Rice Vermicelli Beef Flavour","Pack","Hong Kong",3.5,""
1532,"Lucky Me!","Special Instant Noodles Jjamppong Flavor","Pack","Philippines",4.5,""
1531,"Lucky Me!","Special Instant sopas Chicken Flavor","Pack","Philippines",3.75,""
1530,"Lucky Me!","Spicy Beef Mami Instant Noodle Soup","Pack","Philippines",4,""
1529,"Lucky Me!","Special Instant Curly Spaghetti With Yummy Red Sauce","Pack","Philippines",4,""
1528,"Lucky Me!","Supreme Pinoy Chicken Instant Noodles","Cup","Philippines",3.25,""
1527,"Lucky Me!","Special Baked Mac Style Instant Macaroni","Pack","Philippines",4.5,""
1526,"Lucky Me!","La Paz Batchoy Instant Noodle Soup","Pack","Philippines",3.75,""
1524,"Nissin","Chu Qian Yi Ding Spicy Sesame Flavour Instant Noodles With Soup Base","Pack","Singapore",3.5,""
1523,"Paldo","Jjamppong Seafood Noodle King Bowl","Bowl","South Korea",5,""
1522,"Vifon","Instant Porridge Seafood Flavour","Pack","Vietnam",3.25,""
1521,"Maruchan","Gotsumori Sauce Yakisoba","Tray","Japan",5,"2015 #9"
1515,"Nongshim","Neoguri Udon Seafood & Mild","Pack","South Korea",4,""
1513,"Mama","Instant Noodles Tom Yum Pork Flavour","Pack","Thailand",4,""
1509,"Nissin","Donbei Kitsune Udon Mini","Bowl","Japan",3.5,""
1507,"Nissin","Chu Qian Yi Ding Prawn Flavour Instant Noodles With Soup Base","Pack","Singapore",3.5,""
1506,"Nissin","Cup Noodles Mug Noodles Spicy Vegetable","Pack","India",3.75,""
1503,"Nongshim","Bowl Noodle Soup Shrimp Habanero Lime Flavor","Bowl","United States of America",3.25,""
1498,"Samyang Foods","Sogokimyun Hot Flavor Noodle Soup","Pack","South Korea",3.5,""
1497,"Nissin","Easy Fideos Picante Lime Shrimp Flavor Ramen Noodle Soup","Cup","United States of America",3.5,""
1494,"Indomie","Pop Mie Chicken Flavour Cup Noodles","Cup","Indonesia",3.5,""
1493,"Maruchan","Magomi-an Kitsune Udon (Eastern Japan Flavor)","Bowl","Japan",4.25,""
1491,"Ottogi","Potato Ramen","Pack","South Korea",3.75,""
1490,"Nissin","Soba Chili Noodles With Japanese Yakisoba Sauce","Cup","Germany",3.5,""
1485,"Nongshim","Spicy Tonkotsu Noodle Soup","Pack","United States of America",5,""
1482,"Maruchan","I Want To Eat Ramen' Shoyu Flavor","Pack","Japan",4,""
1480,"Paldo","Jjol Bibim Men","Pack","South Korea",4,""
1479,"Nissin","Cup Noodles Easy Fideos Tomato Chicken Flavor Ramen Noodle Soup","Cup","United States of America",3.5,""
1477,"Mama","Instant Noodles Moo Nam Tok Flavour","Pack","Thailand",4,""
1474,"Mama","Instant Noodle Shrimp Tom Yum Flavour Jumbo Pack","Pack","Thailand",4,""
1473,"Mama","Instant Cup Noodles Shrimp Tom Yum Flavour (Extreme)","Cup","Thailand",5,""
1471,"Mama","Instant Noodles Shrimp Creamy Tom Yum Flavour Jumbo Pack","Pack","Thailand",5,"2013 #10"
1470,"Mama","Instant Cup Noodles Spicy Cheese Flavour","Cup","Thailand",3.5,""
1468,"Mama","Instant Cup Noodles Seafood Pad Kee Mao Flavour","Cup","Thailand",5,""
1466,"Mama","Oriental Style Instant Noodles Green Curry Flavour Jumbo Pack","Pack","Thailand",5,"2015 #8"
1463,"Maruchan","Instant Lunch California Vegetable Ramen Noodles With Vegetables","Cup","United States of America",3.5,""
1461,"Nissin","Cup Noodles Black Pepper Crab Flavour","Cup","Singapore",4,""
1460,"Nissin","Premium Instant Noodles Spicy Beef Flavour","Pack","Singapore",3.75,""
1459,"Nissin","Cup Noodles Tom Yam Veg Flavour","Cup","Singapore",4,""
1458,"Nissin","Premium Instant Noodles Roasted Beef Flavour","Bowl","Singapore",3.75,""
1457,"Nissin","Chu Qian Yi Ding Sesame Oil Flavour","Pack","Singapore",3.75,""
1456,"Nissin","Cup Noodles Chicken Flavour","Cup","Singapore",3.5,""
1455,"Nissin","Premium Instant Noodles XO Sauce Seafood Flavour","Pack","Singapore",3.75,""
1454,"Nissin","Cup Noodles Chilli Crab Flavour","Cup","Singapore",4,""
1453,"Nissin","Japanese Ramen Kyushu Black Instant Noodles With Soup Base","Pack","Singapore",5,""
1452,"Nissin","Premium Instant Noodles Spicy Beef Flavour","Bowl","Singapore",3.75,""
1451,"Nissin","Cup Noodles Tom Yam Seafood Flavour","Cup","Singapore",4,""
1450,"Nissin","Japanese Ramen Tokyo Shoyu Instant Noodles With Soup Base","Pack","Singapore",5,""
1449,"Nissin","Cup Noodles Seafood Curry Flavour","Cup","Singapore",4,""
1448,"Nissin","Premium Instant Noodles Roasted Beef Flavour","Pack","Singapore",4.25,""
1447,"Nissin","Cup Noodles Cream Of Chicken Flavour","Cup","Singapore",4,""
1446,"Myojo","Ippei-Chan Jumbo Night Market Style Yakisoba","Tray","Japan",4.5,""
1444,"Maruchan","Instant Lunch Jalapeno Cheddar Flavor Ramen Noodles","Cup","United States of America",3.5,""
1443,"Nongshim","Harmony Korean Spicy Noodle Dish With Chipotle","Pack","United States of America",4.25,""
1441,"Nissin","Souper Meal Chili Picante Chicken With Lime Flavor Ramen Noodle Soup","Bowl","United States of America",3.5,""
1438,"Maruchan","Old Style Miso Ramen","Pack","Japan",3.5,""
1430,"Samyang Foods","Buldak Bokkummyeon","Bowl","South Korea",4,""
1429,"Nissin","Sabor A Gallina Fideos Con Instantanea","Pack","Colombia",3.5,""
1428,"Myojo","Chukazanmai Beijing Style Salt Ramen","Pack","Japan",3,""
1426,"Ottogi","Cheese Bokki","Bowl","South Korea",4,""
1423,"Vina Acecook","King Chef Seafood With Kimchi Flavour","Pack","Vietnam",3,""
1422,"Nissin","Pan Asian Kitchen Spicy Szechuan Chicken Flavor Ramen Noodles","Tray","United States of America",3,""
1421,"Nongshim","Korean Clay Pot Ramyun Noodle","Cup","China",2.75,""
1420,"Maruchan","I Want To Eat Ramen Shio","Pack","Japan",3.75,""
1419,"Vifon","Ngon-Ngon Tom Yum Minced Pork Noodle","Cup","Vietnam",3.5,""
1418,"Ottogi","Ppushu Ppushu Grilled Chicken Flavor","Pack","South Korea",1,""
1416,"Myojo","Chukazanmai Szechuan Style Miso","Pack","Japan",2,""
1414,"Paldo","Cheese Ramyun (for US market)","Pack","South Korea",5,""
1401,"Myojo","Yomise No Yakisoba Shiodare Flavor With Black Pepper Mayonnaise","Tray","Japan",3.75,""
1399,"Vina Acecook","Oh! Ricey Pho Bo Instant Rice Noodles","Bowl","Vietnam",3.75,""
1398,"Nissin","Fried Noodle Specialist Tom Yam Mee Goreng Flavour","Pack","Singapore",3,""
1394,"Paldo","Mild Kokomen (Prototype)","Pack","South Korea",4.5,""
1390,"Indomie","Mi Goreng Rasa Iga Penyet","Pack","Indonesia",4.75,""
1388,"Paldo","Barbecue Ramyun (Prototype)","Pack","South Korea",3.75,""
1372,"Samyang Foods","Nagasaki Jjamppong","Cup","South Korea",3.75,""
1368,"Nissin","Soba Teriyaki Noodles With Japanese Yakisoba Sauce","Cup","Germany",3,""
1366,"Nongshim","Sir Long Tang Creamy Beef Noodle Soup","Cup","United States of America",4.25,""
1347,"Paldo","Bulnak Bokkummyun Spicy Fried Octopus Ramyun","Pack","South Korea",4,""
1340,"Indomie","Taste Of Asia Mi Goreng Rasa Bulgogi Ala Korea","Pack","Indonesia",2.75,""
1331,"Indomie","Taste Of Asia Mi Kuah Rasa Tom Yum Ala Thailand","Pack","Indonesia",3.75,""
1329,"Vifon","Oriental Style Instant Noodle Mi Ga Chicken Flavor","Cup","Vietnam",1.25,""
1320,"Mama","Instant Noodles Cup Seafood Flavour","Cup","Thailand",3.75,""
1318,"Nissin","Spa Oh Tarako Spaghetti","Bowl","Japan",4,""
1316,"Ottogi","Japchae Vermicelli Noodle","Pack","South Korea",2.75,""
1314,"Paldo","Korean Traditional Beef Gomtangmen","Pack","South Korea",5,""
1312,"Maruchan","I Want To Eat Ramen Miso Flavor","Pack","Japan",3.75,""
1308,"Nongshim","Soon Veggie Noodle Soup","Pack","South Korea",5,"2014 #9"
1307,"Nissin","Cup Noodle Cheese Curry","Cup","Japan",3.75,""
1304,"Nissin","Demae Ramen Shoyu Tonkotsu Artificial Pork Flavour","Pack","Hong Kong",4.75,""
1302,"Mama","Instant Noodles Yentafo Tom Yum Mohfai Flavour","Pack","Thailand",5,"2014 #10"
1300,"Samyang Foods","Red Nagasaki Jjampong","Pack","South Korea",5,""
1293,"Myojo","Prawn Noodles","Pack","Singapore",4.25,""
1292,"Nissin","Cup Noodles Sabor A Carne Sopa Con Fideos","Cup","Colombia",3,""
1290,"Nongshim","Sain Sain Garlic Teriyaki Fresh Cooked Udon Pasta","Tray","South Korea",4.5,""
1285,"Lucky Me!","Supreme Chow Mein Seafood Flavor Instant Stir-Fried Noodles","Bowl","Philippines",3.25,""
1283,"Nongshim","Oolongmen Kimchi Cup Noodle Soup Mix","Cup","South Korea",4,""
1278,"Ottogi","Ppushu Ppushu Noodle Snack Bulgogi Flavor","Pack","South Korea",3.25,""
1277,"Vifon","Mì Gà Tìm Chua Cay Hot & Sour Chicken Flavor Instant Noodles","Pack","Vietnam",2,""
1272,"Samyang Foods","Baked Noodle Spicy Grilled Beef Ramyun","Pack","South Korea",3.5,""
1263,"Nissin","Cup Noodle Curry X Gunpla RX-78-2 Gundam","Cup","Japan",4.25,""
1253,"Nissin","Chow Mein Teriyaki Chicken Flavor Chow Mein Noodles","Tray","United States of America",3.75,""
1251,"Mama","Instant Noodles Tom Saab Flavour","Pack","Thailand",3.5,""
1250,"Samyang Foods","三養라면 (Samyang Ramyun) (South Korean Version)","Bowl","South Korea",3.75,""
1249,"Nissin","Sabor A Pollo Sopa Con Fideos","Cup","Colombia",2.75,""
1247,"Maruchan","I Want To Eat Ramen Pork Tonkotsu Flavor","Pack","Japan",4,""
1243,"Nissin","Demae Rice Vermicelli Chicken Flavour Instant Rice Vermicelli With Soup Base","Pack","Hong Kong",1.75,""
1241,"Nissin","Donbei Kansai Soy Sauce Flavor Udon","Pack","Japan",3.75,""
1237,"Mama","Instant Noodles Creamy Tom Yum Minced Pork Flavour","Pack","Thailand",3.5,""
1235,"Nissin","Demae Ramen Miso Tonkotsu Artificial Pork Flavor Ramen Noodle","Pack","Hong Kong",3.75,""
1233,"Nissin","Sabor A Pollo Sopa Instantánea Con Fideos","Pack","Colombia",3.25,""
1228,"Maruchan","Seimen Japanese Instant Ramen Noodles Shio Aji","Pack","Japan",3.75,""
1225,"Nissin","Pan Asian Kitchen Sweet & Sour Chicken Flavor Ramen Noodles","Tray","United States of America",3.75,""
1222,"Nissin","Soba Classic Noodles With Japanese Yakisoba Sauce","Cup","Germany",3.75,""
1220,"Nissin","Ultraman Instant Noodle Pork Flavour","Cup","Japan",3,""
1211,"Nissin","Demae Iccho Instant Noodle With Soup Base Artificial Chicken Flavour","Bowl","Hong Kong",3,""
1207,"Nissin","UFO Yakisoba With Wasabi Mayonnaise","Bowl","Japan",5,""
1205,"Mama","Instant Noodles Pork Flavour With Black Pepper","Pack","Thailand",3.5,""
1204,"Nissin","Cup Noodles Sabor A Gallina","Cup","Colombia",3.5,""
1199,"Mama","Instant Noodles Chicken Green Curry Flavour","Pack","Thailand",3.75,""
1198,"Samyang Foods","Maesaengyitangmyun Baked Noodle","Pack","South Korea",5,"2014 #5"
1197,"Nissin","Cup Noodle Chilli Tomato","Cup","Japan",4.5,""
1196,"Nissin","Bowl Noodles Chicken Flavor","Bowl","United States of America",3.5,""
1194,"Paldo","Namja Ramyun (US Version)","Bowl","South Korea",4,""
1193,"Nissin","Soba Curry Noodles With Japanese Yakisoba Sauce","Cup","Germany",3.75,""
1187,"Nongshim","Shin Ramyun Cup","Cup","South Korea",3.5,""
1186,"Nissin","Sabor A Carne Sopa Instantánea Con Fideos","Pack","Colombia",3.75,""
1183,"Paldo","Cheese Noodle","Pack","South Korea",5,"2014 #6"
1181,"Samyang Foods","Star Popeye Ramyun Snack","Pack","South Korea",4,""
1179,"Myojo","Chukazanmai Guangdong Style Ramen","Pack","Japan",4.25,""
1178,"Nongshim","Shin Black Spicy Pot-au-feu Flavor Premium Noodle Soup","Cup","United States of America",5,""
1176,"Maruchan","Old Style Shio Ramen","Pack","Japan",3.5,""
1168,"Nissin","Donbei Curry Udon (West Japanese)","Bowl","Japan",3.25,""
1165,"Nissin","Chow Mein With Shrimp Chow Mein Noodles","Tray","United States of America",3.75,""
1162,"Nissin","Chanpon Ramen","Pack","Japan",4.75,""
1160,"Samyang Foods","Chacharoni","Pack","South Korea",3.75,""
1158,"Nissin","Demae Iccho XO Sauce Seafood Flavour","Bowl","Hong Kong",4,""
1156,"Vifon","Oriental Style Instant Vermicelli Sour Crab Flavour Soup","Pack","Vietnam",3.75,""
1136,"Nissin","Yakisoba","Pack","Japan",5,""
1135,"Indomie","Instant Noodle Beef & Lime Flavour","Pack","Indonesia",4.25,""
1130,"Nissin","Big Cup Noodles Habanero Lime Shrimp Flavor Ramen Noodle Soup","Cup","United States of America",3.5,""
1128,"Lucky Me!","Special Instant Pancit Bihon With Kalamansi","Pack","Philippines",3.25,""
1125,"Myojo","Japanese Style Noodles Shio Flavor","Pack","United States of America",5,""
1124,"Samyang Foods","Ganjjampong","Bowl","South Korea",4.25,""
1123,"Maruchan","Fresh Yaki-Soba Stir Fry Noodles With Seasoning Sauce Base","Pack","Japan",4.25,""
1115,"Nissin","Pan Asian Kitchen Sukiyaki Beef Flavor Savory Soy Sauce Ramen Noodles","Tray","United States of America",3.75,""
1113,"Samyang Foods","Samyang Ramyun (SK Version)","Cup","South Korea",3.5,""
1112,"Mama","Oriental Style Instant Kua-Chap Clear Soup","Pack","Thailand",3.75,""
1107,"Nissin","Demae Ramen Kimchi Flavour Instant Noodle With Soup Base","Bowl","Hong Kong",3.5,""
1106,"Nissin","Raoh Rich Soy Sauce With Roast Pork (2 Slices)","Bowl","Japan",4.5,""
1105,"Nongshim","Doong Ji Authentic Korean Cold Noodles With Chili Sauce","Tray","South Korea",5,""
1103,"Myojo","Ippei-chan Yomise No Yakisoba Teriyaki Mayo Flavor","Tray","Japan",5,""
1085,"Vina Acecook","Hao Hao Mi Goreng Shrimp & Onion Flavour","Pack","Vietnam",3.5,""
1083,"Nissin","GooTa Demi Hamburg-Men","Cup","Japan",4.75,""
1082,"Indomie","Mi Goreng Cabe Ijo","Pack","Indonesia",4.5,""
1071,"Nissin","Raoh Soy Sauce Taste","Pack","Japan",4,""
1069,"Nissin","Raoh Rich Miso Flavor","Bowl","Japan",5,""
1067,"Nissin","Cup Noodle Red Shock","Cup","Japan",3.75,""
1051,"Maruchan","Seimen Japanese Instant Ramen Noodles Soy Sauce Taste","Pack","Japan",3.75,""
1048,"Ottogi","Cheese Bokki","Cup","South Korea",3.5,""
1046,"Myojo","Stir Fry Noodles Japanese Style Noodles With Sauce","Pack","United States of America",4,""
1045,"Nissin","Chow Mein Chicken","Tray","United States of America",3.5,""
1044,"Nongshim","Shin Ramyun Noodle Spicy Mushroom","Bowl","China",3.25,""
1042,"Nongshim","Potato Pork Ramyun","Pack","China",5,""
1039,"Maruchan","Bowl Hot & Spicy Shrimp Flavor Ramen Noodles With Vegetables","Bowl","United States of America",4.25,""
1033,"Nissin","King Cup Noodle BBQ Chicken & Onion","Cup","Japan",3.75,""
1032,"Mama","Authentic Thai Cuisine Pad Thai","Pack","Thailand",4,""
1030,"Samyang Foods","60 Ingredients Assorted Vegetable SK Version","Pack","South Korea",3.75,""
1029,"Samyang Foods","Nagasaki Crab Jjampong","Pack","South Korea",5,""
1028,"Samyang Foods","Buldalk Bokkeummyeon (Hot Fried Chicken Ramyun)","Pack","South Korea",4,""
1027,"Samyang Foods","Yukgaejang Beef Ramyun","Bowl","South Korea",4,""
1026,"Samyang Foods","Bajirak Kalgugsu","Pack","South Korea",3.75,""
1025,"Samyang Foods","Hot Chacharoni","Pack","South Korea",3.75,""
1023,"Samyang Foods","Samyang Ramyun","Pack","South Korea",4.5,""
1021,"Samyang Foods","Beef Flavor Ramyun (SK Version)","Pack","South Korea",4.25,""
1020,"Samyang Foods","Nagasaki Jjampong","Bowl","South Korea",4.75,""
1019,"Samyang Foods","Kimchi Ramyun (SK Version)","Pack","South Korea",4,""
1018,"Samyang Foods","Ganjjampong","Pack","South Korea",4.25,""
1017,"Samyang Foods","Sutah (SK Version)","Pack","South Korea",3.75,""
1016,"Nissin","Big Cup Noodles Habanero Lime Chicken Flavor Ramen Noodle Soup","Cup","United States of America",3.5,""
1014,"Nissin","King Spa Oh Peperoncino Spaghetti (日清生タイプSpa王 ペペロンチーノ)","Bowl","Japan",4.25,""
1013,"Vina Acecook","Oh! Ricey Hủ Tiếu Sườn Heo (Pork Spareribs Flavour)","Pack","Vietnam",3.5,""
1011,"Maruchan","Bowl Hot & Spicy Chicken Flavor Ramen Noodles With Vegetables","Bowl","United States of America",4,""
1008,"Ottogi","Sesame Flavor Noodle Bowl","Bowl","South Korea",3.5,""
1007,"Nissin","Demae Ramen Sesame Oil Flavour Noodles With Soup Base","Bowl","Hong Kong",4.5,""
1003,"Nissin","Chow Mein Spicy Teriyaki Beef","Tray","United States of America",4.5,""
1001,"Paldo","ДОШИРАК (Dosirac) Beef Flavor","Pack","South Korea",3.5,""
1000,"Maruchan","Yakisoba Beef Taco Flavor","Tray","United States of America",4.25,""
998,"Nongshim","Shin Ramyun Black Spicy Beef","Cup","South Korea",4.5,""
996,"Maruchan","Bowl Chicken Flavor","Bowl","United States of America",4,""
990,"Nissin","Pan Asian Kitchen Spicy Pad Thai","Tray","United States of America",2.75,""
986,"Paldo","Jong-Gah-Jip Kimchi Ramen","Pack","South Korea",4,""
976,"Nissin","Donbei Tensoba","Bowl","Japan",4,""
975,"Ottogi","Spaghetti Ramen","Bowl","South Korea",4.5,""
964,"Nissin","Raoh Backfat Rich Soy Sauce Flavor","Bowl","Japan",5,""
962,"Nongshim","Bowl Noodle Soup Spicy Seafood Flavor (New Version)","Bowl","United States of America",4.25,""
960,"Nissin","Bowl Noodles Hot & Spicy Super Picante","Bowl","United States of America",3.25,""
951,"Vifon","Pomidorowa (Mild Tomato)","Pack","Poland",4,""
950,"Ottogi","Kiss Myon","Cup","South Korea",3.75,""
947,"Maruchan","Yakisoba Jalapeno Cheddar","Tray","United States of America",4,""
938,"Maruchan","Yakisoba Four Cheese","Tray","United States of America",3.75,""
937,"Mama","Shrimp (TOM YUM)","Pack","Thailand",3.75,""
935,"Maruchan","Beef","Cup","United States of America",3.5,""
934,"Nongshim","Jinjja Jinjja Flamin' Hot & Nutty","Pack","United States of America",5,"2013 #4"
933,"Paldo","Kokomen Spicy Chicken","Cup","South Korea",4.5,""
932,"Paldo","Namja Ramen (USA version)","Pack","South Korea",5,""
930,"Maruchan","35% Less Sodium Beef","Cup","United States of America",3.5,""
929,"Vina Acecook","Good Artificial Minced Pork Bean Vermicelli","Pack","Vietnam",3.75,""
927,"Paldo","Kokomen Spicy Chicken","Bowl","South Korea",4.75,""
924,"Maruchan","35% Less Sodium Chicken","Pack","United States of America",3.75,""
921,"Ottogi","Jjajang Bokki","Bowl","South Korea",3.5,""
919,"Maruchan","35% Less Sodium Beef","Pack","United States of America",3.5,""
918,"Nongshim","Tempura Udon Flavor Cup Ramyun","Cup","South Korea",4.5,""
917,"Vina Acecook","Good Chicken Abalone Bean Vermicelli","Pack","Vietnam",3.25,""
914,"Nissin","Ramen Shop Sapporo Miso","Pack","Japan",4,""
913,"Nongshim","Spicy Shrimp Cup Ramyun","Cup","South Korea",4.25,""
912,"Maruchan","Instant Lunch Shrimp","Cup","United States of America",3.75,""
911,"Nissin","Top Ramen Cucharealo Habanero Shrimp","Pack","United States of America",3.75,""
910,"Paldo","Namja Ramyun","Bowl","South Korea",4.25,"
"
909,"Indomie","Kriuuk Bawang","Pack","Indonesia",4.25,""
907,"Nongshim","Neoguri Spicy Seafood","Cup","South Korea",4,""
904,"Myojo","Ippei-chan Yomise-No Yakisoba Oriental","Tray","Japan",4.75,""
900,"Maruchan","Instant Lunch Chicken","Cup","United States of America",3.5,""
896,"Vina Acecook","Good Tomyum Kung Bean Vermicelli","Pack","Vietnam",3.5,""
893,"Paldo","Bowl Noodle Shrimp Flavor","Bowl","South Korea",3.25,""
891,"Vina Acecook","Hao Hao Mushroom","Pack","Vietnam",2.75,""
878,"Nissin","Top Ramen Short Cuts Lime Chili","Pack","United States of America",3.75,""
877,"Nongshim","Shin Bowl (New)","Bowl","United States of America",4.25,""
873,"Vifon","Viet Rice Noodles Chicken","Pack","Vietnam",3.5,""
872,"Nongshim","Chapagetti","Bowl","United States of America",5,""
869,"Vina Acecook","Good Chicken Bean Vermicelli","Pack","Vietnam",3.25,""
867,"Indomie","Rasa Coto Makassar","Pack","Indonesia",4,""
863,"Indomie","Special Fried Curly Noodle (Local)","Pack","Indonesia",5,""
862,"Nissin","Top Ramen Short Cuts Roast Chicken","Pack","United States of America",4.25,""
861,"Vina Acecook","Hao Hao Mi Chay Vegetarian","Pack","Vietnam",3.25,""
858,"Indomie","Rasa Mi Cakalang","Pack","Indonesia",4.5,""
855,"Vina Acecook","Bestcook Hot & Sour Shrimp","Bowl","Vietnam",4.25,""
850,"Nissin","Top Ramen Short Cuts Chicken","Pack","United States of America",4,""
849,"Nissin","Top Ramen Cucharealo Tomato Chicken","Pack","United States of America",3.5,""
846,"Vifon","Mi Kim Chee","Pack","Vietnam",3.75,""
845,"Nongshim","Doong Ji Cold Noodle Chilled Broth","Pack","South Korea",4.25,""
843,"Nissin","Top Ramen Short Cuts Beef","Pack","United States of America",3.5,""
841,"Nongshim","Chapagetti (South Korean)","Pack","South Korea",4,""
837,"Nissin","Top Ramen Cucharealo Picante Chicken","Pack","United States of America",4.5,""
834,"Indomie","Mi Goreng Kriuuk Pedas","Pack","Indonesia",3.75,""
831,"Vifon","Instant Porridge Chicken","Pack","Vietnam",3.25,""
829,"Paldo","Kko Kko Myun King Cup","Bowl","South Korea",4.75,""
828,"Paldo","Seolleongtangmyeon","Pack","South Korea",3.5,""
827,"Paldo","Rabokki","Pack","South Korea",4.75,""
826,"Paldo","Namja","Pack","South Korea",5,""
825,"Paldo","Shoyu","Cup","Japan",3.25,""
824,"Paldo","Bibim Men Cucumber","Pack","South Korea",5,""
823,"Paldo","Kokomen Spicy Chicken","Pack","South Korea",5,"2013 #9"
822,"Paldo","Speed King Bowl (Prototype)","Bowl","South Korea",3.5,""
819,"Maruchan","Tempura Soba","Pack","Japan",4,""
816,"Vina Acecook","Oh! Ricey Phnom Penh Rice Noodle","Pack","Vietnam",3.75,""
814,"Indomie","Beef","Pack","Indonesia",3.5,""
809,"Nongshim","Neoguri Mild (South Korea)","Pack","South Korea",4,""
799,"Nongshim","Bowl Noodle Savory Chicken (New)","Bowl","United States of America",4.25,""
796,"Vina Acecook","Kingcook Vegetable","Pack","Vietnam",3,""
792,"Nongshim","Bowl Noodle Spicy Chicken (New)","Bowl","United States of America",4.5,""
783,"Nissin","Cup Noodles Salsa Picante Chicken","Cup","United States of America",3,""
782,"Nongshim","Bowl Noodle Savory Shrimp (New)","Bowl","United States of America",3.25,""
781,"Vina Acecook","Kingcook Beef","Pack","Vietnam",3,""
780,"Ottogi","Jin Ramen (Mild) (Import)","Pack","South Korea",3.5,""
779,"Indomie","Mi Goreng Kriuuk Ayam","Pack","Indonesia",3.75,""
774,"Indomie","Rasa Sup Sayuran Vegan","Pack","Indonesia",2.25,""
772,"Nongshim","Bowl Noodle Hot & Spicy Beef (New)","Pack","United States of America",3.5,""
769,"Nissin","Cup Noodles Shrimp Picante Style","Cup","United States of America",3.25,""
760,"Nissin","Big Cup Noodles Roast Chicken","Cup","United States of America",3.25,""
759,"Nongshim","Bowl Noodle Savory Lobster (New)","Bowl","United States of America",3.75,""
757,"Indomie","Mi Goreng Vegan","Pack","Indonesia",4.25,""
755,"Nongshim","Udon ","Bowl","South Korea",4.25,""
754,"Nongshim","Ansungtangmyun (US Version)","Pack","United States of America",3.75,""
753,"Nongshim","Soba","Pack","South Korea",4.25,""
752,"Nongshim","Bowl Noodle Savory Tempura Udon","Bowl","United States of America",3.5,""
751,"Nongshim","Shin Ramyun Black Onion","Cup","South Korea",5,""
750,"Nongshim","Bowl Noodle Spicy Kimchi (New)","Bowl","United States of America",3.75,""
747,"Nissin","Spoon-it Chicken","Pack","United States of America",3.5,""
745,"Nongshim","Jinjja Jinjja","Pack","South Korea",5,""
740,"Indomie","Mi Goreng Sate (Local)","Pack","Indonesia",5,""
738,"Nissin","U.F.O. Yakiosoba","Bowl","Japan",3.75,""
736,"Maruchan","Yakisoba Spicy Vegetable","Tray","United States of America",3.25,""
735,"Ottogi","Odongtong Myon Seafood","Bowl","South Korea",2.75,""
734,"Indomie","Mi Goreng Rasa Ayam Panggang Jumbo (Local)","Pack","Indonesia",5,"
"
733,"Indomie","Rasa Soto Betawi","Pack","Indonesia",4.5,""
732,"Indomie","Curly Noodle With Chicken Chilli Paddi","Pack","Indonesia",4.25,""
731,"Indomie","Rasa Mi Kocok Bandung","Pack","Indonesia",3.25,""
730,"Indomie","Rasa Soto Banjar Limau Kulit","Pack","Indonesia",5,""
729,"Indomie","Mi Goreng Jumbo Beef","Pack","Indonesia",5,""
728,"Indomie","Rasa Kari Ayam Medan","Pack","Indonesia",5,""
727,"Indomie","Rasa Empal Gentong","Pack","Indonesia",4,""
726,"Indomie","Mi Goreng Cakalang","Pack","Indonesia",4,""
725,"Indomie","Mi Goreng Instant Cup Noodles","Cup","Indonesia",5,""
724,"Indomie","Curly Noodle With Laksa Chilli","Pack","Indonesia",3.5,""
723,"Indomie","Mi Goreng Barbecue Chicken","Pack","Indonesia",5,""
721,"Nongshim","Bowl Noodle Savory Beef","Bowl","United States of America",4,""
719,"Nissin","Spoon-it Beef","Pack","United States of America",3.25,""
718,"Ottogi","Kiss Myon","Pack","South Korea",3.75,""
717,"Nissin","Ramen Bowl Spicy Chicken","Bowl","United States of America",3.25,""
716,"Vifon","Hu Tieu Ca Stewed Fish","Bowl","Vietnam",3.75,""
715,"Indomie","Mi Goreng Rendang (Import)","Pack","Indonesia",5,"2013 #3"
713,"Nissin","Spoon-it Creamy Chicken","Pack","United States of America",4,""
711,"Nongshim","Hearty Rice Noodle Beef","Pack","South Korea",4.25,""
709,"Nissin","Chow Mein Spicy Chicken","Tray","United States of America",3.25,""
704,"Nissin","Chow Mein Chinese Chicken Vegetable","Tray","United States of America",4,""
703,"Nissin","Spoon-it Rich Hearty Beef Stew","Pack","United States of America",3.5,""
702,"Nissin","Demae Ramen Black Garlic Oil Tonkotsu","Pack","Japan",4.5,""
701,"Nissin","Big Cup Noodles Lime Chili Shrimp","Cup","United States of America",4,""
700,"Nissin","Chikin Ramen (Local)","Pack","Japan",5,""
699,"Nissin","Cup Noodles Salsa Picante Shrimp","Cup","United States of America",3.5,""
698,"Nissin","Chow Mein Orange Chicken","Tray","United States of America",4,""
697,"Nissin","Spoon-it Rich Hearty Savory Chicken","Pack","United States of America",3.25,""
696,"Nissin","Big Cup Noodles Spicy Chicken","Cup","United States of America",3.5,""
694,"Vina Acecook","Kingcook Chicken","Pack","Vietnam",3.5,""
690,"Maruchan","Yakisoba Savory Soy Sauce","Tray","United States of America",3.75,""
687,"Nissin","Cup Noodles Xo Sauce Seafood","Cup","Hong Kong",3.75,""
685,"Indomie","Rasa Sup Buntut Oxtail Soup","Pack","Indonesia",2.75,""
683,"Nongshim","Udon Garlic Teriyaki","Pack","South Korea",4.75,""
682,"Indomie","Instant Cup Noodles Mi Goreng Satay","Cup","Indonesia",4.25,""
681,"Nongshim","Hearty Rice Noodle Black Bean Vegetable","Pack","South Korea",3.75,""
680,"Vina Acecook","Kingcook Shrimp","Pack","Vietnam",2.75,""
677,"Nongshim","Shin Ramyun Shrimp","Pack","China",4.5,""
676,"Indomie","Spicy Coconut Shrimp","Pack","Indonesia",4.75,""
674,"Paldo","Kko Kko Myun","Pack","South Korea",5,""
669,"Nissin","Gozen Tempura","Bowl","Japan",4,""
667,"Nissin","Ramen Bowl Kimchi","Bowl","United States of America",3,""
665,"Mama","Moo Nam Tok Rice Vermicelli","Pack","Thailand",3.25,""
663,"Paldo","Jjajangmen Black Bean","Pack","South Korea",4,""
660,"Lucky Me!","Beef Na Beef","Pack","Philippines",3.75,""
659,"Nissin","Ramen Bowl Spicy Shrimp","Bowl","United States of America",3,""
658,"Paldo","Hwa King Cup","Cup","South Korea",3.5,""
656,"Nissin","Ramen Bowl Hot & Spicy","Bowl","United States of America",3.75,""
648,"Nongshim","Seafood Ramyun","Pack","South Korea",3.75,""
645,"Nongshim","Oolongmen Artificial Chicken","Cup","South Korea",3.75,""
641,"Vina Acecook","Hao Hao Shrimp Onion","Pack","Vietnam",3,""
639,"Nissin","Gozen Kitsune Udon","Bowl","Japan",5,""
635,"Ottogi","Buckwheat Bibim Ramyon","Pack","South Korea",1.1,""
628,"Lucky Me!","Supreme La Paz Batchoy Beef Garlic","Bowl","Philippines",3.5,""
626,"Ottogi","Yeul Hot Taste","Bowl","South Korea",3.5,""
621,"Ottogi","Jin Ramen Big Bowl (Hot)","Bowl","South Korea",3.5,""
620,"Vifon","Phu Gia Bamboo Shoot Artificial Pork Bean Thread","Pack","Vietnam",1.25,""
617,"Nissin","Demae Iccho Sesame Oil Chicken Macaroni","Pack","Japan",3.75,""
612,"Maruchan","Yakisoba Spicy Chicken","Tray","United States of America",1.75,""
602,"Nongshim","Oolongmen Artificial Seafood","Cup","South Korea",3.5,""
600,"Maruchan","Ramen Noodle Soup Beef","Pack","United States of America",3.25,""
599,"Lucky Me!","Pancit Canton Extra Hot Chili","Pack","Philippines",4,""
593,"Nongshim","Chapagetti Chajang","Pack","South Korea",4,""
590,"Mama","Chand Clear Soup","Bowl","Thailand",3.5,""
589,"Vifon","South Korean Style Kim Chee","Bowl","Vietnam",4.25,""
588,"Vifon","Tu Quy Pork","Pack","Vietnam",2.75,""
583,"Vifon","Phu Gia Cua Crab Bean Thread","Pack","Vietnam",2.25,""
578,"Nongshim","Shin Ramyun Black","Pack","South Korea",4.75,"2012 #7"
572,"Maruchan","Yakisoba Tomato Basil","Tray","United States of America",3,""
568,"Paldo","Gomtang","Cup","South Korea",4,""
560,"Myojo","Ippeichan Soy Sauce","Bowl","Japan",4,""
550,"Nissin","Taisho Fried Noodle Yakisoba","Pack","Japan",4.25,""
547,"Lucky Me!","Pancit Canton Sweet Spicy","Pack","Philippines",5,""
540,"Nissin","Top Ramen Chicken","Pack","United States of America",3.25,""
539,"Nissin","Demae Ramen Chicken","Pack","Japan",3,""
538,"Lucky Me!","Lomi Seafood Vegetable","Pack","Philippines",0.5,""
537,"Mama","Pad Kee Mao Drunken","Pack","Thailand",2,""
536,"Ottogi","Yeul Ramyun","Pack","South Korea",4.25,""
534,"Mama","Pho Ga","Pack","Thailand",3.1,""
533,"Paldo","Gomtang","Pack","South Korea",4.75,""
524,"Nissin","Cup Noodles Spicy Seafood","Cup","Hong Kong",3.75,""
512,"Paldo","Big Bowl Noodle","Bowl","South Korea",3.75,""
506,"Nongshim","Oolongmen Beef","Cup","South Korea",2.5,""
501,"Nongshim","Neoguri Mild","Pack","South Korea",3.25,""
497,"Nissin","Demae Iccho Seafood & Abalone Macaroni","Pack","Japan",4,""
496,"Maruchan","Yakisoba Shrimp","Tray","United States of America",2.75,""
495,"Ottogi","Jin Ramen (Mild)","Pack","South Korea",3.25,""
485,"Ottogi","Hot & Spicy Ramen","Cup","South Korea",3,""
484,"Ottogi","Bekse Curry Myon","Cup","South Korea",4.25,""
479,"Nongshim","Potato Noodle Soup","Pack","South Korea",3.75,""
473,"Myojo","Ramen-Desse Miso Soybean Paste","Bowl","Japan",4.5,""
470,"Maruchan","Ramen Noodle Soup Chicken Mushroom","Pack","United States of America",3.25,""
468,"Paldo","Snack Noodle slightly Hot","Pack","South Korea",3.75,""
467,"Vifon","Tu Quy Sour Spicy Shrimp","Pack","Vietnam",1.75,""
465,"Nissin","Souper Meal Picante Shrimp Hot Spicy","Bowl","United States of America",2.75,""
464,"Mama","Vegetable","Pack","Thailand",3.25,""
463,"Ottogi","Ppushu Ppushu Barbecue","Pack","South Korea",3,""
462,"Nissin","Top Ramen Shrimp","Pack","United States of America",3.5,""
453,"Nongshim","Bowl Noodle Savory Chicken","Bowl","United States of America",3.25,""
452,"Myojo","Hyoubanya No Chukasoba Soy Sauce","Pack","Japan",4,""
451,"Myojo","Ippeichan Soybean Paste","Bowl","Japan",4,""
450,"Ottogi","Ppushu Ppushu Tteobokki","Pack","South Korea",3.25,""
443,"Lucky Me!","N-Rich Chicken Tinola","Pack","Philippines",4,""
442,"Nongshim","Kalguksoo","Pack","South Korea",4.5,""
441,"Ottogi","Spice Seafood","Pack","South Korea",3.75,""
440,"Maruchan","Instant Lunch Hot spicy Beef","Cup","United States of America",2.75,""
437,"Nongshim","Big Bowl Spicy Kimchi","Bowl","South Korea",3.25,""
433,"Lucky Me!","Supreme Bulalo","Bowl","Philippines",3.25,""
426,"Vifon","Tu quy Chicken","Pack","Vietnam",3,""
422,"Vifon","Mi Lau Thai Thai Stle","Bowl","Vietnam",4,""
421,"Myojo","Kakesoba Desse Soy Sauce","Bowl","Japan",2.75,""
419,"Myojo","Ramen Desse Shio","Bowl","Japan",4.25,""
417,"Vifon","Tu Quy Spicy Beef","Pack","Vietnam",3.5,""
412,"Maruchan","Midori No Tanuki","Bowl","Japan",4.125,""
410,"Lucky Me!","Instant Bulalo Bone Marrow","Pack","Philippines",3.75,""
407,"Ottogi","Snack Ramyon","Cup","South Korea",3.5,""
406,"Vifon","Asian Style Instant Noodles Beef","Pack","Vietnam",3.75,""
404,"Vina Acecook","Hao Hao Sate Onion","Pack","Vietnam",3.75,""
403,"Maruchan","Instant Lunch Lime Flavor with Shrimp","Cup","United States of America",2.25,""
401,"Myojo","Suudon Desse Soy Sauce","Bowl","Japan",4.25,""
400,"Nissin","Cup Noodles Seafood Curry","Cup","Hong Kong",4.25,""
399,"Paldo","Spicy Seafood","Cup","South Korea",3.75,""
398,"Paldo","Bowl Noodle Beef With Vegetables","Bowl","South Korea",3.75,""
396,"Vina Acecook","Bestcook Hot spicy Tom Yum Shrimp","Bowl","Vietnam",4.25,""
395,"Ottogi","Jin Ramen (Mild)","Cup","South Korea",3,""
394,"Paldo","Hwa Cup Hot Spicy","Cup","South Korea",3.5,""
392,"Nissin","Yakisoba Noodles Karashi","Tray","Japan",5,"2012 #3"
391,"Myojo","Hyoubanya No Chukasoba Oriental","Pack","Japan",4.25,"2012 #6"
389,"Mama","Vegetarian Tom Yum","Pack","Thailand",2.75,""
388,"Maruchan","Instant Lunch Cheddar Cheese","Cup","United States of America",2.75,""
387,"Nissin","Bowl Noodles Rich & Savory Beef","Bowl","United States of America",3.75,""
384,"Nissin","Demae Iccho Tom Yam Goong Macaroni","Pack","Japan",4,""
383,"Lucky Me!","Chicken Na Chicken","Pack","Philippines",2.75,""
382,"Lucky Me!","N-Rich Artificial Chicken With Ginger","Pack","Philippines",2.5,""
379,"Nissin","Chow Mein Thai Peanut","Tray","United States of America",2.5,""
375,"Vifon","Pho Bo Beef Rice Noodle","Pack","Vietnam",0.5,""
374,"Vifon","Asian Style Instant Noodles Shrimp","Pack","Vietnam",3.75,""
373,"Nissin","Cup Noodles Chicken Vegetable","Cup","United States of America",2.75,""
371,"Nissin","Chow Noodles Alfredo","Tray","United States of America",3.75,""
365,"Nissin","Cup Noodles Prawn","Cup","Singapore",3.25,""
363,"Nissin","Demae Iccho Tonkotsu Macaroni","Pack","Japan",3.5,""
362,"Vina Acecook","Daily Hot & Sour With Shrimp","Pack","Vietnam",4.5,""
360,"Nissin","Cup Noodles Hearty Chicken","Cup","United States of America",2.5,""
359,"Nissin","Bowl Noodles Hot & Spicy Beef","Bowl","United States of America",3.75,""
356,"Maruchan","Ramen Noodle Soup Roast Beef","Pack","United States of America",2.75,""
355,"Nongshim","Noodle Lite 275 Udon Mushroom","Bowl","South Korea",2.5,""
354,"Maruchan","Instant Lunch Chicken 35% Less Sodium","Cup","United States of America",3,""
353,"Nissin","Top Ramen Chili","Pack","United States of America",3.25,""
352,"Maruchan","Ramen Noodle Soup Chili","Pack","United States of America",2.75,""
351,"Nissin","Top Ramen Picante Beef","Pack","United States of America",3,""
350,"Nissin","Souper Meal Tomato Garlic Shrimp","Bowl","United States of America",3.5,""
349,"Ottogi","Ramen Bokki","Bowl","South Korea",3.25,""
348,"Paldo","Bowl Noodle Kimchi","Bowl","South Korea",3.5,""
346,"Paldo","Bowl Noodle Spicy Artificial Chicken","Bowl","South Korea",3.125,""
345,"Myojo","Charumera Shoyu","Pack","Japan",3.5,""
344,"Paldo","Stirfried Kimchi","Pack","South Korea",3.75,""
342,"Nongshim","Shin Big Bowl","Bowl","South Korea",3.5,""
341,"Vina Acecook","Daily Vegetarian","Pack","Vietnam",3.75,""
338,"Nissin","Big Cup Noodles Chicken","Cup","United States of America",2.25,""
337,"Maruchan","Ramen Noodle Soup Creamy Chicken","Pack","United States of America",5,""
334,"Nissin","Big Cup Noodles Beef","Cup","United States of America",2.125,""
333,"Nissin","Big Cup Noodles Shrimp","Cup","United States of America",2.25,""
332,"Nongshim","Champong Oriental Noodles","Cup","South Korea",3.75,"
"
330,"Vifon","Phu Gia Instant Bean Thread Chicken","Pack","Vietnam",3.25,""
328,"Nongshim","Big Bowl Udon","Bowl","South Korea",4.5,""
324,"Nongshim","Big Bowl Spicy Shrimp","Bowl","South Korea",3.5,""
323,"Ottogi","Jin Ramen (Hot)","Cup","South Korea",3.5,""
320,"Maruchan","Ramen Noodle Soup Spicy Picante Chicken","Pack","United States of America",4,""
319,"Maruchan","Ramen Noodle Soup Oriental","Pack","United States of America",3.75,""
317,"Maruchan","Yakisoba Cheddar Cheese","Tray","United States of America",4,""
314,"Paldo","Dosirac Mushroom","Tray","South Korea",2.5,""
313,"Paldo","Dosirac Shrimp","Tray","South Korea",4.25,""
312,"Lucky Me!","Supreme Bulalo Artificial Bone Marrow","Bowl","Philippines",1.75,""
311,"Vifon","Tasty Mushroom","Pack","Vietnam",2,""
310,"Lucky Me!","La Paz Batchoy Beef","Pack","Philippines",2.5,""
309,"Paldo","Dosirac Beef","Tray","South Korea",3.75,""
305,"Lucky Me!","Supreme Special Beef Carne De Vaca","Bowl","Philippines",3.75,""
304,"Mama","Pho Bo Rice Noodle Artificial Beef","Bowl","Thailand",3.5,""
303,"Paldo","Dosirac Artificial Chicken","Tray","South Korea",3.25,""
299,"Lucky Me!","Supreme Sotanghon Artificial Chicken Vermicelli ","Bowl","Philippines",3.75,""
298,"Nongshim","Hearty Rice Noodle Spicy Veggie Consomme","Pack","South Korea",2.75,""
296,"Nissin","Cup Noodles Crab","Cup","Hong Kong",3.25,""
294,"Paldo","South Korean Seafood","Pack","South Korea",3.75,""
292,"Paldo","South Korean U Dong","Pack","South Korea",3.75,""
291,"Nongshim","Shin Bowl","Bowl","South Korea",3,""
289,"Paldo","South Korean Broad Noodle","Pack","South Korea",2,""
287,"Paldo","King Cup Lobster","Cup","South Korea",3.75,""
286,"Myojo","Hyoubanya No Yakisoba Oriental","Tray","Japan",4,""
284,"Nissin","Cup Noodles Seafood","Cup","Hong Kong",4.5,""
283,"Paldo","King Cup Kimchi Pot Stew","Cup","South Korea",4,""
281,"Mama","Oriental Kitchen Hot Spicy","Cup","Thailand",3,""
277,"Vina Acecook","Oh! Ricey Beef Rice Noodles","Pack","Vietnam",4,""
275,"Mama","Cup Shrimp Tom Yum Flavor","Cup","Thailand",3.75,""
272,"Vina Acecook","Mi Lau Thai Artificial Chicken","Pack","Vietnam",3.5,""
271,"Paldo","South Korean Noodle Kimchi Flavor","Pack","South Korea",3.5,""
269,"Paldo","Spicy Shrimp Bowl","Bowl","South Korea",3.5,""
268,"Nissin","Cup Noodles Spicy Chile Chicken","Cup","United States of America",3.5,""
267,"Mama","Pork","Cup","Thailand",2,""
266,"Vina Acecook","Mi Lau Thai Shrimp","Pack","Vietnam",4,""
265,"Nissin","Cup Noodles Chicken","Cup","United States of America",3.5,""
264,"Vina Acecook","Hao Hao Sour Hot Shrimp","Pack","Vietnam",3.75,""
263,"Nissin","Chow Mein Kung Pao Chicken","Tray","United States of America",1.5,""
262,"Vina Acecook","Daily Beef Ball","Pack","Vietnam",3.75,""
261,"Vina Acecook","Oh! Ricey Chicken","Pack","Vietnam",3.75,""
260,"Nissin","Bowl Noodles Hot & Spicy Shrimp","Bowl","United States of America",3.5,""
259,"Vina Acecook","Mi Lau Thai Seafood","Pack","Vietnam",4,""
257,"Nissin","Cup Noodles Beef","Cup","United States of America",3.5,""
256,"Nissin","Cup Noodles Shrimp","Cup","United States of America",3.5,""
255,"Mama","Oriental Kitchen Spicy Seafood","Cup","Thailand",3.75,""
254,"Vina Acecook","Daily Hot & Spicy Tom Yun","Pack","Vietnam",4,""
253,"Nongshim","Bowl Noodle Spicy Seafood","Bowl","United States of America",4.25,""
247,"Myojo","Udon Mushroom","Pack","Japan",3,""
246,"Mama","Artificial Pork Jumbo","Pack","Thailand",3,""
244,"Nissin","Karashi Mayo Yakisoba","Tray","Japan",4.75,""
243,"Myojo","Udon Hot & Spicy","Pack","Japan",4.5,""
239,"Ottogi","Ppushu Ppushu Sweet & Sour","Pack","South Korea",1.75,""
238,"Nissin","Chow Noodles Tomato Basil","Bowl","United States of America",4,""
234,"Myojo","Udon Shrimp","Pack","Japan",3.75,""
232,"Indomie","Mi Goreng Jumbo Beef","Pack","Indonesia",5,""
231,"Indomie","Onion Chicken","Pack","Indonesia",4.5,""
230,"Lucky Me!","Supreme Instant Mami Noodles With Free Crackers","Bowl","Philippines",3.75,""
229,"Myojo","Udon Chicken","Pack","Japan",3.75,""
228,"Vifon","Pho Ga Instant rice Noodle","Bowl","Vietnam",2,""
226,"Nissin","Chow Noodles Cheddar Cheese","Tray","United States of America",4,""
225,"Ottogi","Snack Ramyon","Pack","South Korea",3.75,""
224,"Mama","Instant Bowl Noodles Artificial Pork","Bowl","Thailand",2.75,""
222,"Myojo","Udon Crab","Pack","Japan",3,""
221,"Nissin","Top Ramen Beef","Pack","United States of America",3.75,""
218,"Maruchan","Yakisoba Sweet & Sour Chicken","Tray","United States of America",3,""
216,"Maruchan","Instant Lunch Roast Chicken Flavor","Cup","United States of America",2.75,""
215,"Maruchan","Yakisoba Chicken","Tray","United States of America",2,""
214,"Maruchan","Yakisoba Teriyaki Beef","Tray","United States of America",2,""
213,"Nongshim","Bowl Noodle Spicy Artificial Lobster","Bowl","United States of America",4,""
212,"Maruchan","Yakisoba Roast chicken","Tray","United States of America",3.75,""
211,"Vina Acecook","Kingcook Tomato Sauce Pork","Tray","Vietnam",3.5,""
209,"Nissin","Souper Meal Beef Flavor Minestrone","Bowl","United States of America",3,""
204,"Nongshim","Bowl Noodle Spicy Shrimp","Bowl","United States of America",2.5,""
203,"Nongshim","Bowl Noodle Hot & Spicy","Bowl","United States of America",2,""
202,"Nongshim","Bowl Noodle Cabbage Kimchi","Bowl","United States of America",3.25,""
201,"Nongshim","Bowl Noodle Beef Ginger","Bowl","United States of America",3.5,""
200,"Nongshim","Bowl Noodle Spicy Chicken","Bowl","United States of America",4.5,""
196,"Nissin","Cup Noodles Pani Puri","Cup","India",1.5,""
195,"Myojo","Chukazanmai Served Cool Sesame Flavored Rice Vinegar Sesame","Pack","Japan",3,""
192,"Paldo","Soy Flavor Noodle","Pack","South Korea",4.25,""
189,"Nissin","Cup Noodles Manchurian","Cup","India",3,""
188,"Nongshim","Udon","Pack","South Korea",4,""
187,"Paldo","Hwa Ramyun Soy Peptide","Pack","South Korea",4,""
186,"Paldo","Teumsae Ramyun","Pack","South Korea",3.5,""
184,"Myojo","Chukazanmai Soy Sauce","Pack","Japan",3.75,""
183,"Nissin","Bowl Noodles Hot & Spicy Chicken","Bowl","United States of America",2,""
182,"Myojo","Chukazanmai Soy Sauce chili Oil","Pack","Japan",3.25,""
180,"Myojo","Hyobanya No Yakisoba Sauce Flavor","Tray","Japan",4.75,""
179,"Mama","Kimchi","Pack","Thailand",3,""
178,"Mama","Oriental Style Clear Soup","Pack","Thailand",2,""
177,"Vifon","Hu Tieu Bo Kho An Lien Beef","Pack","Vietnam",3.75,""
176,"Paldo","Dosirac Pork","Tray","South Korea",4.125,""
174,"Lucky Me!","Sotanghon Artificial Chicken","Pack","Philippines",0.25,""
172,"Mama","Flat Noodle Tom Yum","Pack","Thailand",3.75,""
170,"Myojo","Chukazanmai Soybean Paste","Pack","Japan",3.5,""
163,"Vifon","Asian Style Instant Noodles Chicken","Pack","Vietnam",3.5,""
162,"Myojo","Chukazanmai Oriental","Pack","Japan",3.75,""
161,"Paldo","Green Tea Chlorella","Pack","South Korea",0,""
160,"Myojo","Ramen Desse Soy Sauce","Bowl","Japan",1.5,""
159,"Mama","Hot & Spicy","Pack","Thailand",1.75,""
158,"Mama","Jok Cup Porridge Artificial Pork","Cup","Thailand",2.5,""
157,"Nissin","Sotanghon","Cup","Philippines",2,""
156,"Maruchan","Instant Lunch Cajun Style With chili Piquin Shrimp","Cup","United States of America",3,""
155,"Lucky Me!","Pancit Canton","Pack","Philippines",4.75,""
154,"Nissin","Creamy Chicken","Cup","United States of America",1.75,""
149,"Maruchan","Akai Kitsune Udon","Bowl","Japan",4,""
148,"Myojo","Okinawa Soba","Pack","Japan",3.75,""
146,"Mama","Pho Bo","Pack","Thailand",2.5,""
144,"Nongshim","Kimchi Ramyun","Pack","South Korea",3.5,""
143,"Mama","Mamy Chand Clear Soup","Pack","Thailand",2.75,""
142,"Nissin","Chow Mein Teriyaki Beef","Tray","United States of America",4.5,""
140,"Mama","Mi Goreng","Pack","Thailand",5,""
137,"Nissin","Bowl Noodles Rich & Savory Chicken","Bowl","United States of America",1.75,""
136,"Mama","Shrimp Creamy Tom Yum","Pack","Thailand",5,""
129,"Nongshim","Mupama Tang Myun","Pack","South Korea",3.5,""
128,"Mama","Artificial PA-LO Duck","Pack","Thailand",0.1,""
127,"Vifon","Mi Chay Vegetarian","Pack","Vietnam",2.8,""
126,"Mama","Tom Yam Koong Rice Vermicelli","Pack","Thailand",1.5,""
124,"Nissin","Yakisoba With Mayonnaise/Mustard Packet","Tray","Japan",5,""
121,"Ottogi","Bekse Curry","Pack","South Korea",4,""
118,"Paldo","Bibim Men","Pack","South Korea",3.75,""
117,"Ottogi","Ramyonsari","Pack","South Korea",4,""
116,"Mama","Nam Vang","Pack","Thailand",3.6,""
115,"Ottogi","Miso Ramyun","Pack","South Korea",2.8,""
113,"Nongshim","Hooroorook ","Pack","South Korea",4,""
112,"Ottogi","Jiajang Noodle","Pack","South Korea",3.75,""
111,"Ottogi","Odongtongmyon Seafood Spicy","Pack","South Korea",3.25,""
110,"Lucky Me!","Artificial Chicken","Pack","Philippines",1.5,""
109,"Mama","Pad Thai","Pack","Thailand",3.1,""
107,"Ottogi","Pow Crunch Teriyaki","Pack","South Korea",1.1,""
105,"Indomie","Special Fried Curly Noodle","Pack","Indonesia",5,"2012 #1"
104,"Maruchan","Ramen Noodle Soup Chicken","Pack","United States of America",2,""
102,"Indomie","Soto Mie","Pack","Indonesia",1.5,""
94,"Mama","Artificial Chicken","Pack","Thailand",2.5,""
88,"Paldo","South Korean Noodle Chicken","Pack","South Korea",3.25,""
85,"Nissin","Demae Ramen Sesame","Pack","Japan",3.75,""
83,"Nissin","Demae Ramen Spicy Flavor","Pack","Japan",2,""
82,"Nissin","Demae Ramen Miso","Pack","Japan",2.75,""
78,"Nissin","Demae Ramen Seafood","Pack","Japan",2.5,""
77,"Nissin","Demae Ramen Prawn","Pack","Japan",3.25,""
76,"Indomie","Meatball Flavor","Pack","Indonesia",2.5,""
75,"Indomie","Mi Goreng Rendang","Pack","Indonesia",4.5,""
74,"Nissin","Demae Ramen Shoyu","Pack","Japan",4,""
73,"Nissin","Demae Ramen Five Spices Artificial Beef","Pack","Japan",3.5,""
72,"Nissin","Demae Ramen Tonkatsu Artificial Pork","Pack","Japan",3.5,""
71,"Nissin","Demae Ramen Satay","Pack","Japan",2.5,""
70,"Nissin","Demae Ramen XO Sauce Seafood","Pack","Japan",4,""
67,"Maruchan","Ramen Noodle Soup Lime Chili Shrimp","Pack","United States of America",2,""
66,"Maruchan","Ramen Noodle Soup Pork","Pack","United States of America",4,""
65,"Nissin","Top Ramen Oriental","Pack","United States of America",2.5,""
63,"Nissin","Souper Meal Chicken Flavor With Vegetable Medley","Bowl","Japan",3,""
53,"Indomie","Chicken","Cup","Indonesia",2,""
52,"Indomie","Chicken Curry","Pack","Indonesia",4,""
51,"Indomie","Curly Noodles With Grilled Chicken","Pack","Indonesia",5,""
50,"Indomie","Mi Goreng","Pack","Indonesia",5,""
49,"Indomie","Mi Goreng Pedas Hot","Pack","Indonesia",4.5,""
48,"Indomie","Shrimp Flavor","Pack","Indonesia",3,""
47,"Indomie","Mi Goreng Jumbo Barbecue Chicken","Pack","Indonesia",5,"2012 #2"
46,"Indomie","Mi Goreng Jumbo Meatball","Pack","Indonesia",3,""
45,"Indomie","Mi Goreng Sate","Pack","Indonesia",5,"
"
44,"Indomie","Special Chicken","Pack","Indonesia",4.25,""
40,"Lucky Me!","Pancit Canton Chili Mansi","Pack","Philippines",3,""
39,"Lucky Me!","Supreme Bulalo Flavor","Bowl","Philippines",3,""
38,"Lucky Me!","Pancit Canton Citrus Flavor","Pack","Philippines",3,""
37,"Lucky Me!","Pancit Canton Hot Chili Flavor","Pack","Philippines",3,""
36,"Lucky Me!","Itnok","Pack","Philippines",3,""
35,"Mama","Chand Clear Soup","Pack","Thailand",3,""
34,"Maruchan","Ramen Noodle Soup Shrimp","Pack","United States of America",2,""
31,"Myojo","Ippeichan Yakisoba","Tray","Japan",4,"2013 #6"
30,"Myojo","Special Duck","Pack","Japan",1,""
28,"Nissin","Chikin Ramen","Pack","Japan",5,""
27,"Nissin","Demae Ramen Curry Flavor","Pack","Japan",4,""
26,"Nissin","Soba Noodles With Mayo Mustard Squirt","Pack","Japan",4,""
25,"Nissin","Demae Ramen Spicy Flavor","Pack","Japan",3,""
24,"Nissin","Demae Ramen Spicy Seafood With Chili Pepper","Pack","Japan",2,""
23,"Nissin","Top Ramen Creamy Chicken","Pack","United States of America",4.5,""
22,"Nongshim","Ansungtangmyun Noodle Soup","Pack","South Korea",3.75,""
21,"Nongshim","Champong Oriental Noodles","Pack","South Korea",4,""
20,"Nongshim","Neoguri (Seafood'n'Spicy)","Pack","South Korea",3.5,""
19,"Nongshim","Shin Ramyun","Pack","South Korea",4,""
18,"Ottogi","Jin Ramen (Hot Taste)","Pack","South Korea",3.5,""
6,"Vifon","Nam Vang","Pack","Vietnam",2.5,""
5,"Vifon","Hu Tiu Nam Vang [""Phnom Penh"" style] Asian Style Instant Rice Noodles","Bowl","Vietnam",3.5,""
